entrezgene,SIRT6
8813,1
57147,1
4800,1
81887,1
54467,1
889,1
5893,1
51056,1
4074,1
79007,1
57679,1
55471,1
381,1
23028,1
10180,1
5965,1
126393,1
4706,1
10165,1
7982,1
93655,1
996,1
1856,1
5976,1
292,1
55013,1
3980,1
81691,1
1387,1
9256,1
55904,1
26224,1
55049,1
9020,1
10368,1
163,1
10127,1
6376,1
5898,1
80853,1
57157,1
9855,1
79017,1
10926,1
56891,1
1352,1
9569,1
8228,1
51265,1
57787,1
115098,1
9058,1
79090,1
54879,1
8938,1
55735,1
728642,1
53616,1
6856,1
1534,1
9043,1
1951,1
84954,1
1407,1
8993,1
54497,1
6224,1
7812,1
5980,1
29954,1
51534,1
10048,1
83932,1
51603,1
8798,1
7756,1
9918,1
51533,1
56920,1
7752,1
695,1
22955,1
2534,1
3097,1
11313,1
1185,1
100379251,1
654364,1
10867,1
55727,1
54903,1
51099,1
26993,1
54799,1
51096,1
54902,1
5725,1
9066,1
5286,1
2844,1
23637,1
54814,1
5536,1
23177,1
8491,1
672,1
2067,1
51360,1
4007,1
55148,1
5704,1
1195,1
55703,1
1774,1
1663,1
10460,1
23376,1
23649,1
4190,1
10463,1
10903,1
1355,1
10771,1
7454,1
23386,1
55830,1
92745,1
10928,1
22902,1
8540,1
55622,1
147948,1
23187,1
4361,1
1992,1
6683,1
9369,1
9716,1
55778,1
64429,1
57476,1
100128242,1
6050,1
4719,1
23071,1
51022,1
11171,1
50619,1
23304,1
30846,1
55635,1
25901,1
10062,1
10953,1
11231,1
23633,1
7431,1
55591,1
5452,1
6642,1
9519,1
56938,1
9774,1
55334,1
51106,1
23279,1
578,1
55166,1
8498,1
5926,1
7260,1
10908,1
56052,1
55596,1
55236,1
535,1
8554,1
9497,1
9168,1
28990,1
26751,1
84908,1
55789,1
23604,1
8439,1
5981,1
55773,1
26009,1
51121,1
54455,1
4238,1
84245,1
4234,1
175,1
55300,1
259282,1
27430,1
23274,1
999,1
23517,1
54831,1
54896,1
5685,1
55341,1
10039,1
3371,1
90326,1
9440,1
54884,1
822,1
1175,1
23338,1
54802,1
9820,1
54875,1
2042,1
3309,1
1829,1
8481,1
22884,1
64848,1
51606,1
5431,1
7175,1
23247,1
57101,1
57102,1
55841,1
57646,1
51491,1
50484,1
92017,1
2978,1
51773,1
55187,1
23518,1
5954,1
5982,1
79810,1
51528,1
63933,1
51474,1
25875,1
5888,1
5291,1
1535,1
80143,1
6307,1
55761,1
8574,1
51154,1
55850,1
55745,1
27095,1
9967,1
29085,1
4065,1
51742,1
10806,1
23095,1
23201,1
84957,1
51602,1
26099,1
3757,1
10827,1
116254,1
57602,1
114800,1
54969,1
51663,1
55609,1
54542,1
4438,1
9474,1
57095,1
57504,1
8975,1
23200,1
29927,1
4659,1
55718,1
493,1
9877,1
54432,1
55706,1
6916,1
5188,1
5128,1
5662,1
65125,1
55749,1
11054,1
55650,1
10076,1
9410,1
79832,1
51660,1
30,1
586,1
60488,1
6433,1
1431,1
4058,1
81671,1
10513,1
5424,1
1975,1
770,1
79763,1
29924,1
55726,1
51768,1
9914,1
50937,1
6873,1
28996,1
23534,1
4207,1
8625,1
54929,1
9170,1
10147,1
6558,1
53339,1
55711,1
5378,1
10362,1
6882,1
23294,1
7629,1
4913,1
54887,1
2773,1
4942,1
10885,1
5586,1
9697,1
1606,1
2065,1
3735,1
55633,1
4710,1
55854,1
55248,1
51167,1
119391,1
8621,1
10797,1
84679,1
55810,1
5141,1
5525,1
6602,1
9682,1
4802,1
84217,1
6688,1
27107,1
9950,1
55631,1
51015,1
60487,1
55623,1
55102,1
10565,1
57623,1
4649,1
3422,1
1316,1
8611,1
4756,1
23471,1
54505,1
30836,1
51018,1
387,1
1659,1
55699,1
6857,1
79641,1
865,1
9759,1
63897,1
4205,1
55593,1
56850,1
24140,1
55771,1
25885,1
9741,1
57217,1
51447,1
3796,1
23198,1
57560,1
27248,1
5526,1
55746,1
55737,1
10294,1
602,1
8514,1
1815,1
9488,1
10681,1
5873,1
7353,1
4040,1
2984,1
57661,1
8518,1
4925,1
5774,1
10640,1
8218,1
9993,1
4335,1
23210,1
5423,1
55808,1
3340,1
440,1
29105,1
8891,1
56852,1
23161,1
79658,1
54556,1
114049,1
6400,1
53615,1
6596,1
29894,1
79901,1
51109,1
23503,1
26469,1
7037,1
7224,1
27125,1
64398,1
8243,1
3028,1
3161,1
51095,1
6793,1
23291,1
1400,1
51009,1
10335,1
8907,1
83642,1
80216,1
3993,1
1183,1
6605,1
9175,1
6480,1
23332,1
1207,1
8463,1
8726,1
7251,1
54878,1
9187,1
3998,1
51495,1
57719,1
51175,1
54962,1
79023,1
51512,1
55020,1
38,1
55972,1
29090,1
119,1
9605,1
7587,1
4140,1
5250,1
285527,1
23505,1
60,1
284403,1
7879,1
9733,1
23609,1
4175,1
25996,1
10179,1
11176,1
25930,1
4292,1
2329,1
27252,1
8786,1
10615,1
88455,1
22978,1
4162,1
5909,1
9138,1
100505585,1
5609,1
56889,1
29089,1
54431,1
2975,1
23032,1
6626,1
56915,1
1781,1
4034,1
143684,1
10714,1
79960,1
2260,1
27127,1
55331,1
3093,1
5289,1
55728,1
57103,1
7289,1
8871,1
55063,1
26281,1
9452,1
4898,1
5108,1
57690,1
1620,1
83737,1
9984,1
51661,1
114880,1
6507,1
56925,1
8569,1
29843,1
23152,1
3835,1
55604,1
5236,1
1785,1
8417,1
9817,1
285220,1
6344,1
5991,1
55183,1
27244,1
10847,1
9933,1
3781,1
4850,1
5663,1
3320,1
5933,1
10403,1
23431,1
54665,1
2920,1
57092,1
55218,1
384,1
8555,1
22869,1
4036,1
65094,1
11266,1
9812,1
93664,1
51668,1
5205,1
55100,1
58538,1
55322,1
905,1
57579,1
7188,1
23085,1
80036,1
79728,1
79977,1
3842,1
22894,1
10464,1
81550,1
26747,1
5019,1
10998,1
25799,1
55663,1
6193,1
10269,1
84273,1
5978,1
54434,1
334,1
79570,1
200081,1
10890,1
2646,1
3030,1
966,1
546,1
102157402,1
55892,1
9522,1
81929,1
4216,1
7760,1
7481,1
4528,1
2060,1
4998,1
4258,1
10523,1
3301,1
2683,1
4799,1
363,1
27292,1
51194,1
101180901,1
22929,1
3049,1
80271,1
55696,1
10959,1
54469,1
55787,1
79796,1
23645,1
43,1
2512,1
5705,1
51720,1
55239,1
79944,1
57544,1
51637,1
64395,1
57542,1
10059,1
51290,1
6790,1
57091,1
28971,1
51206,1
5775,1
8886,1
8570,1
55741,1
1789,1
22974,1
81572,1
23483,1
64147,1
79175,1
2160,1
22803,1
6128,1
8550,1
29058,1
84678,1
64211,1
10985,1
6175,1
5829,1
23409,1
51605,1
1114,1
8315,1
2521,1
53827,1
55900,1
9843,1
23193,1
51291,1
332,1
3902,1
7597,1
25977,1
645,1
10558,1
10914,1
8812,1
57060,1
51650,1
10726,1
10296,1
3383,1
79594,1
51324,1
2323,1
2802,1
57192,1
84196,1
16,1
2734,1
27327,1
64857,1
10683,1
57605,1
55763,1
54439,1
114882,1
54517,1
1738,1
3568,1
2271,1
22861,1
728392,1
9552,1
23594,1
51530,1
55012,1
54930,1
55644,1
23256,1
55632,1
25831,1
11198,1
9878,1
26277,1
54822,1
8773,1
63967,1
117584,1
201294,1
79157,1
7042,1
10762,1
8318,1
55862,1
9942,1
10013,1
990,1
8697,1
23468,1
4436,1
4214,1
1725,1
372,1
55151,1
23511,1
1384,1
54187,1
25861,1
9044,1
64376,1
1592,1
51322,1
1390,1
2289,1
6732,1
55168,1
114327,1
988,1
7738,1
23411,1
80173,1
3717,1
11332,1
51100,1
8317,1
11018,1
22931,1
56952,1
7593,1
4650,1
5714,1
54620,1
9739,1
9274,1
4113,1
1153,1
4670,1
4713,1
9524,1
26517,1
113177,1
4616,1
2872,1
84861,1
51586,1
3053,1
9342,1
1399,1
9127,1
6545,1
23786,1
10291,1
23541,1
23384,1
6634,1
5594,1
8220,1
26088,1
7290,1
23544,1
23598,1
24144,1
129138,1
85377,1
79879,1
9681,1
55964,1
11144,1
150274,1
25776,1
7494,1
9929,1
25793,1
9567,1
84271,1
91289,1
11252,1
10043,1
638,1
3162,1
4174,1
6122,1
55954,1
10454,1
25813,1
25828,1
8664,1
27352,1
10478,1
6767,1
9978,1
83746,1
5905,1
84844,1
50,1
5372,1
27351,1
2287,1
55147,1
10419,1
11154,1
79609,1
6655,1
5836,1
5706,1
10175,1
10668,1
51382,1
5283,1
5684,1
10490,1
26520,1
2954,1
9786,1
283578,1
161394,1
10598,1
23002,1
8846,1
22938,1
3705,1
2079,1
6554,1
23405,1
4522,1
9894,1
22990,1
51527,1
7443,1
5700,1
55671,1
7528,1
22985,1
57820,1
9321,1
328,1
8106,1
394,1
51550,1
6729,1
57680,1
5106,1
9692,1
4792,1
51016,1
10548,1
51292,1
5411,1
5875,1
63935,1
2937,1
26133,1
9837,1
51098,1
55969,1
80336,1
6789,1
23394,1
5203,1
1477,1
51497,1
24148,1
26164,1
5688,1
79444,1
26205,1
25876,1
994,1
11237,1
8760,1
10483,1
9777,1
23509,1
10528,1
3420,1
22919,1
9675,1
58490,1
11264,1
128866,1
79913,1
10406,1
81610,1
60625,1
116092,1
7125,1
10005,1
79863,1
9218,1
64863,1
23347,1
10627,1
79959,1
55125,1
8731,1
54941,1
23253,1
11201,1
8780,1
1478,1
10857,1
5634,1
91851,1
331,1
10735,1
778,1
6855,1
5355,1
5358,1
55613,1
3750,1
9016,1
7355,1
10084,1
2010,1
6901,1
282808,1
83692,1
8411,1
6102,1
8237,1
27336,1
7076,1
5303,1
10916,1
5935,1
2491,1
2717,1
51566,1
3356,1
81602,1
81617,1
5611,1
55757,1
143,1
55578,1
10240,1
3839,1
2321,1
23078,1
160851,1
26512,1
79758,1
23295,1
79153,1
5257,1
10204,1
55815,1
23568,1
51090,1
10664,1
55565,1
4324,1
79650,1
80777,1
4832,1
79918,1
55697,1
79613,1
25839,1
84138,1
9057,1
79152,1
79726,1
22879,1
54985,1
23417,1
9013,1
51172,1
23406,1
9100,1
83716,1
7249,1
4833,1
64779,1
79791,1
10273,1
9028,1
4682,1
2935,1
7727,1
56061,1
124454,1
55313,1
9093,1
51283,1
23475,1
23322,1
4150,1
6810,1
10423,1
9738,1
57020,1
9810,1
400506,1
79719,1
64799,1
114294,1
8925,1
9325,1
123263,1
26015,1
9455,1
30844,1
25963,1
64397,1
56986,1
2553,1
55192,1
8669,1
80208,1
57617,1
11339,1
26258,1
79848,1
23087,1
79752,1
7976,1
55756,1
8767,1
10404,1
1666,1
55284,1
10940,1
3551,1
27121,1
5862,1
54845,1
54108,1
64089,1
51366,1
23516,1
66036,1
10671,1
54758,1
427,1
4924,1
1891,1
3191,1
3972,1
54938,1
6625,1
1209,1
11129,1
284352,1
10848,1
55111,1
10535,1
27120,1
4066,1
8677,1
259307,1
6449,1
28974,1
10469,1
729440,1
26017,1
22870,1
10270,1
10994,1
9141,1
6217,1
9149,1
79935,1
2821,1
208,1
57716,1
9253,1
55702,1
5438,1
728361,1
25999,1
6510,1
26093,1
11100,1
7040,1
22898,1
55101,1
3386,1
29997,1
7087,1
2109,1
29086,1
7297,1
11140,1
10567,1
478,1
1954,1
10945,1
9266,1
83743,1
23546,1
93233,1
7728,1
54854,1
54922,1
5518,1
51398,1
10661,1
1777,1
26121,1
29844,1
3780,1
5864,1
51477,1
23373,1
2116,1
93436,1
10430,1
57817,1
51599,1
57794,1
57130,1
23094,1
56006,1
23080,1
9512,1
27000,1
10282,1
10135,1
221830,1
26959,1
6671,1
29062,1
79872,1
136319,1
79989,1
4967,1
94239,1
23554,1
6742,1
79974,1
11112,1
8887,1
83451,1
55033,1
84725,1
2617,1
84182,1
26024,1
7586,1
8662,1
29886,1
6878,1
8976,1
5078,1
84132,1
3614,1
3268,1
23658,1
8985,1
10467,1
113263,1
9678,1
54664,1
2146,1
643641,1
57037,1
11281,1
196,1
54927,1
5683,1
64983,1
55744,1
6009,1
165,1
9275,1
26608,1
7458,1
55064,1
2218,1
23731,1
1955,1
10952,1
22949,1
64420,1
80709,1
1759,1
55664,1
54662,1
57589,1
23081,1
7016,1
23586,1
23064,1
5730,1
20,1
54926,1
51010,1
7763,1
8661,1
1787,1
79009,1
219699,1
64072,1
9806,1
10367,1
5532,1
54462,1
657,1
9562,1
6468,1
10360,1
80351,1
57584,1
91452,1
23560,1
26098,1
56647,1
79991,1
1326,1
9126,1
8036,1
7019,1
8030,1
27338,1
57178,1
10105,1
64081,1
57532,1
6143,1
5709,1
5889,1
9110,1
4591,1
79665,1
51174,1
9570,1
6198,1
9400,1
9487,1
2584,1
57508,1
23125,1
9969,1
2027,1
5216,1
26001,1
8402,1
4927,1
9527,1
1819,1
117246,1
11216,1
6603,1
64149,1
5717,1
6347,1
5193,1
3292,1
2145,1
6442,1
100885850,1
10493,1
8153,1
51747,1
1845,1
9343,1
9120,1
5573,1
7531,1
29098,1
26118,1
26151,1
54868,1
27346,1
30850,1
230,1
6830,1
57649,1
8929,1
55161,1
57606,1
64854,1
4790,1
4126,1
1998,1
27309,1
6164,1
2483,1
1182,1
1665,1
51091,1
23321,1
55294,1
7468,1
57620,1
10227,1
83891,1
55805,1
55325,1
64151,1
7358,1
29118,1
10553,1
1075,1
91057,1
26610,1
23360,1
6309,1
3312,1
9404,1
23220,1
23130,1
10938,1
83480,1
28960,1
51111,1
55291,1
26973,1
25906,1
50862,1
1982,1
329,1
9354,1
1656,1
10114,1
8567,1
114971,1
796,1
10944,1
6207,1
9049,1
4928,1
11234,1
2965,1
5715,1
10536,1
11108,1
84274,1
23603,1
41,1
83892,1
9761,1
4598,1
81566,1
51411,1
51561,1
506,1
10728,1
65117,1
1594,1
4617,1
3875,1
23371,1
57460,1
10988,1
55110,1
2305,1
5554,1
11272,1
100533464,1
10094,1
51184,1
51699,1
10635,1
80724,1
217,1
2967,1
1967,1
8909,1
7421,1
22818,1
55832,1
5869,1
4848,1
8914,1
11103,1
51258,1
2597,1
23074,1
50813,1
1822,1
113246,1
51559,1
64426,1
51026,1
5564,1
55907,1
29915,1
9847,1
11021,1
1911,1
1337,1
26127,1
51567,1
29940,1
51389,1
55003,1
387119,1
25842,1
254394,1
57515,1
51020,1
135112,1
80329,1
26271,1
54516,1
5467,1
2178,1
1432,1
222658,1
11329,1
6648,1
29074,1
4172,1
9025,1
266727,1
23195,1
9532,1
51715,1
26235,1
892,1
6492,1
10973,1
9439,1
8936,1
202,1
55856,1
81688,1
51053,1
10475,1
5191,1
7957,1
1235,1
9444,1
705,1
2979,1
5961,1
23506,1
5754,1
6722,1
23113,1
55754,1
8899,1
55603,1
9096,1
55914,1
23438,1
4124,1
3157,1
1611,1
10902,1
10112,1
23530,1
10884,1
23107,1
5201,1
4015,1
55374,1
3550,1
3156,1
23197,1
3702,1
55819,1
54974,1
7265,1
4437,1
900,1
29102,1
4001,1
57561,1
64083,1
83989,1
6897,1
4012,1
55299,1
5618,1
10111,1
3567,1
7903,1
10007,1
51294,1
6500,1
9631,1
5515,1
2246,1
56951,1
23398,1
373,1
80006,1
10802,1
79770,1
23548,1
10915,1
1452,1
22993,1
57222,1
8992,1
662,1
1627,1
23567,1
1962,1
10051,1
51185,1
604,1
10686,1
26355,1
4968,1
5096,1
7337,1
55186,1
9616,1
54464,1
8850,1
11235,1
3280,1
7375,1
107986084,1
10342,1
8287,1
6152,1
57415,1
56987,1
2632,1
7372,1
22916,1
79669,1
523,1
80325,1
23276,1
79858,1
93,1
57599,1
51122,1
64689,1
9136,1
10057,1
84836,1
100526760,1
23007,1
92999,1
7134,1
6787,1
1933,1
8745,1
81562,1
150465,1
200576,1
51011,1
80255,1
10096,1
51639,1
9540,1
51277,1
10254,1
2820,1
7781,1
2976,1
8890,1
64838,1
10213,1
9784,1
51130,1
5496,1
64135,1
6209,1
25801,1
83444,1
64427,1
374291,1
2888,1
550,1
84695,1
56655,1
6869,1
55704,1
84128,1
55120,1
2335,1
1768,1
25972,1
84173,1
10575,1
2677,1
5013,1
80219,1
23451,1
25843,1
3336,1
55818,1
51652,1
53632,1
27013,1
8576,1
23178,1
7173,1
9014,1
3241,1
57448,1
79954,1
26003,1
10153,1
80067,1
8604,1
6432,1
6509,1
4999,1
5000,1
1386,1
63892,1
54980,1
7072,1
1820,1
7341,1
4780,1
6697,1
7840,1
1718,1
23341,1
4139,1
7143,1
6342,1
9731,1
127428,1
9528,1
115353,1
23463,1
6814,1
57535,1
51102,1
80267,1
3065,1
829,1
127544,1
10067,1
55870,1
28956,1
6723,1
26270,1
54823,1
3953,1
10625,1
9887,1
5997,1
6738,1
51377,1
10286,1
9295,1
1491,1
23207,1
7709,1
965,1
8458,1
55700,1
10352,1
64960,1
149371,1
8443,1
7257,1
4811,1
4548,1
6018,1
127396,1
10000,1
34,1
80135,1
6675,1
1486,1
117178,1
54680,1
5929,1
3399,1
9670,1
79033,1
10327,1
8503,1
8548,1
57821,1
2166,1
387338,1
50999,1
1810,1
23215,1
5825,1
8674,1
51611,1
58155,1
9588,1
55157,1
3664,1
25949,1
57035,1
23443,1
55758,1
56181,1
79947,1
25936,1
8289,1
6118,1
5511,1
23673,1
54996,1
51060,1
57488,1
10849,1
23184,1
5955,1
10274,1
4297,1
56912,1
6230,1
22926,1
1385,1
8609,1
23632,1
9789,1
57558,1
9324,1
90025,1
81573,1
23469,1
84085,1
7128,1
81847,1
26234,1
80306,1
10329,1
80264,1
8673,1
64858,1
103910,1
2309,1
60436,1
10983,1
25782,1
29855,1
7347,1
60526,1
57539,1
57404,1
4709,1
7320,1
140803,1
687,1
9414,1
205564,1
55127,1
9991,1
5887,1
23307,1
8727,1
54942,1
89891,1
5524,1
2733,1
11064,1
22954,1
26190,1
26147,1
5537,1
4702,1
92400,1
84263,1
27130,1
79695,1
85365,1
1441,1
2531,1
9525,1
56252,1
51077,1
80127,1
91754,1
97,1
64207,1
9870,1
55640,1
81892,1
4329,1
8111,1
2103,1
51004,1
57862,1
9913,1
1788,1
54454,1
64225,1
25940,1
54812,1
29094,1
9419,1
4072,1
55719,1
3416,1
84795,1
80007,1
55717,1
79591,1
2805,1
79946,1
79646,1
7010,1
10171,1
79886,1
29126,1
348995,1
5110,1
84418,1
54853,1
64411,1
91687,1
92344,1
39,1
6950,1
399979,1
79684,1
84068,1
84955,1
56943,1
84930,1
56243,1
84898,1
6883,1
55068,1
29103,1
11193,1
1997,1
10808,1
29880,1
11340,1
7045,1
51247,1
27230,1
5357,1
7181,1
7112,1
400,1
83468,1
80298,1
51019,1
317,1
8795,1
2185,1
5533,1
29914,1
23435,1
8165,1
7706,1
8405,1
56155,1
81558,1
55268,1
79912,1
6045,1
81627,1
80218,1
81930,1
51029,1
9409,1
7750,1
64786,1
576,1
3061,1
51538,1
9034,1
51193,1
11019,1
55791,1
23155,1
79712,1
84083,1
2322,1
6144,1
219402,1
2971,1
5412,1
84248,1
130916,1
51116,1
57179,1
1314,1
9956,1
84947,1
311,1
54537,1
7755,1
79903,1
6125,1
54482,1
84146,1
343099,1
79871,1
64224,1
644150,1
84668,1
11328,1
51251,1
10124,1
27434,1
7291,1
55234,1
92014,1
1211,1
79269,1
57670,1
8805,1
5552,1
11319,1
11130,1
9559,1
9904,1
35,1
79039,1
26994,1
3709,1
10212,1
10755,1
84650,1
540,1
57486,1
64105,1
466,1
10102,1
58158,1
64333,1
65244,1
4778,1
64375,1
10376,1
55709,1
262,1
29078,1
85015,1
9643,1
139231,1
79828,1
9111,1
29994,1
55509,1
80776,1
79934,1
23682,1
1164,1
2181,1
79586,1
6560,1
90203,1
140686,1
79183,1
51604,1
57727,1
9217,1
84612,1
6431,1
10564,1
57169,1
1434,1
387522,1
5740,1
27304,1
8675,1
55661,1
11317,1
64377,1
6845,1
10617,1
84693,1
11017,1
10199,1
23326,1
8239,1
2162,1
55809,1
23408,1
88745,1
6631,1
57510,1
346157,1
8970,1
9477,1
6903,1
6954,1
10930,1
27232,1
107080644,1
2739,1
83732,1
51000,1
10799,1
6310,1
9972,1
7913,1
9521,1
64284,1
23019,1
4502,1
80262,1
2806,1
171425,1
10257,1
65109,1
23157,1
27109,1
5732,1
6662,1
79637,1
79902,1
60386,1
30833,1
7270,1
9329,1
64794,1
54776,1
84269,1
51141,1
84172,1
2962,1
84266,1
8744,1
57187,1
5469,1
9349,1
84938,1
9322,1
56927,1
80207,1
6633,1
80025,1
1059,1
92675,1
140901,1
6628,1
55317,1
6238,1
7692,1
58495,1
8195,1
3704,1
84515,1
55321,1
64949,1
56926,1
4435,1
80818,1
4149,1
64860,1
22913,1
83658,1
8894,1
51614,1
140823,1
5326,1
101410538,1
5690,1
192669,1
7389,1
79639,1
79654,1
10426,1
826,1
84306,1
79171,1
10054,1
9572,1
25824,1
3276,1
5639,1
435,1
65266,1
8678,1
10131,1
22826,1
2537,1
171017,1
10436,1
8409,1
2002,1
10245,1
9787,1
112849,1
22890,1
57570,1
81537,1
55288,1
55112,1
8273,1
59353,1
55906,1
821,1
83744,1
89846,1
79717,1
64919,1
1350,1
7186,1
84239,1
8089,1
84286,1
5300,1
23065,1
23352,1
50809,1
79939,1
2671,1
9088,1
51764,1
6597,1
23030,1
84190,1
55504,1
6049,1
10142,1
7979,1
5782,1
51657,1
5189,1
7978,1
84060,1
64921,1
57622,1
7538,1
79644,1
85378,1
85359,1
9514,1
23780,1
5880,1
84645,1
26150,1
51234,1
25913,1
9296,1
51691,1
4189,1
813,1
611,1
6183,1
3232,1
64172,1
94101,1
8520,1
57045,1
146057,1
80237,1
90416,1
54617,1
79664,1
8854,1
54629,1
90417,1
54982,1
10776,1
54832,1
56906,1
4016,1
25847,1
1315,1
5682,1
25870,1
60559,1
26297,1
79733,1
84268,1
84817,1
9526,1
904,1
65095,1
3609,1
10053,1
84932,1
10038,1
25938,1
3169,1
55837,1
112399,1
6035,1
4738,1
1603,1
7011,1
2302,1
9459,1
9070,1
80185,1
151648,1
6192,1
83475,1
23383,1
55780,1
9754,1
6303,1
54552,1
158747,1
3949,1
84337,1
5589,1
1264,1
84891,1
5819,1
348,1
10452,1
9667,1
148229,1
84705,1
684,1
83878,1
79709,1
64981,1
25796,1
56995,1
83861,1
81,1
55201,1
113730,1
9997,1
170463,1
9518,1
54858,1
80726,1
25804,1
3727,1
79230,1
64793,1
6874,1
140893,1
445,1
23404,1
9040,1
78992,1
1968,1
54958,1
23211,1
4294,1
57470,1
83667,1
93974,1
54797,1
6249,1
84660,1
57693,1
55337,1
1786,1
79088,1
55422,1
7776,1
4037,1
91574,1
25926,1
353497,1
85313,1
25980,1
9584,1
84905,1
2686,1
55902,1
529,1
7770,1
126299,1
80758,1
10487,1
5538,1
93323,1
26061,1
23473,1
64145,1
6533,1
3748,1
7283,1
10197,1
6155,1
47,1
84313,1
4695,1
54882,1
1729,1
79228,1
3597,1
54521,1
84240,1
84951,1
7153,1
5914,1
8799,1
64087,1
55829,1
22856,1
6627,1
3996,1
55145,1
55860,1
2643,1
79883,1
65249,1
5989,1
7568,1
79173,1
54862,1
10693,1
22907,1
5894,1
23225,1
55556,1
23167,1
55037,1
51318,1
5901,1
5562,1
51763,1
10514,1
57533,1
85013,1
25957,1
2926,1
26057,1
57050,1
23558,1
3021,1
85451,1
9406,1
23135,1
10247,1
157680,1
84105,1
6388,1
2319,1
54496,1
64773,1
6616,1
5111,1
7818,1
22889,1
9826,1
57111,1
50717,1
25974,1
114034,1
4678,1
4595,1
140831,1
55544,1
51526,1
5509,1
8546,1
79363,1
842,1
51164,1
23281,1
9205,1
10208,1
10400,1
6341,1
25778,1
1118,1
9911,1
57511,1
23111,1
7223,1
55425,1
5983,1
55859,1
201266,1
55643,1
23640,1
84250,1
28992,1
54663,1
85329,1
10313,1
123811,1
84246,1
114904,1
23608,1
116988,1
57180,1
694,1
3845,1
51520,1
3612,1
1875,1
29080,1
272,1
51669,1
79845,1
57578,1
51241,1
1965,1
92259,1
25917,1
8553,1
55207,1
4212,1
89978,1
56851,1
2780,1
55119,1
10542,1
10717,1
8774,1
377,1
79022,1
54407,1
57498,1
91543,1
129607,1
3939,1
3572,1
79577,1
6210,1
2922,1
57614,1
84991,1
79746,1
902,1
85019,1
2012,1
1643,1
53,1
8933,1
51765,1
143689,1
9698,1
8565,1
91408,1
84950,1
1824,1
51444,1
55250,1
80206,1
29015,1
26519,1
187,1
9575,1
337867,1
55082,1
79587,1
9743,1
3703,1
11095,1
152831,1
134430,1
55312,1
29979,1
60560,1
1514,1
84868,1
23014,1
6926,1
5025,1
10906,1
9988,1
79161,1
85025,1
79799,1
50640,1
29923,1
60561,1
26136,1
80759,1
10492,1
57231,1
55122,1
23595,1
6885,1
55226,1
85406,1
10024,1
7024,1
93058,1
9924,1
84872,1
3178,1
91,1
84946,1
8763,1
246269,1
54806,1
5570,1
4829,1
8676,1
7006,1
26056,1
84865,1
9958,1
4193,1
53630,1
9764,1
1783,1
100533111,1
23456,1
84284,1
57710,1
9857,1
116496,1
149041,1
57695,1
81618,1
9470,1
51455,1
80705,1
26122,1
23479,1
55198,1
11137,1
23325,1
2317,1
4752,1
51028,1
79866,1
55213,1
29079,1
83548,1
10253,1
55270,1
83852,1
79020,1
10643,1
11014,1
11097,1
28969,1
83605,1
91875,1
10588,1
11173,1
58489,1
3658,1
57538,1
10518,1
10241,1
55316,1
4836,1
7716,1
1101,1
51204,1
10238,1
83990,1
11143,1
86,1
4711,1
57129,1
6434,1
64844,1
6498,1
2058,1
11311,1
51133,1
26750,1
55339,1
84317,1
92856,1
56886,1
2995,1
10730,1
25934,1
1025,1
7295,1
10592,1
9314,1
27090,1
29988,1
55755,1
7539,1
1317,1
7743,1
9128,1
2356,1
10868,1
9550,1
54881,1
54534,1
158427,1
55363,1
51531,1
10244,1
4686,1
10541,1
5082,1
79075,1
26953,1
64425,1
9373,1
3590,1
55833,1
54840,1
152006,1
25822,1
11258,1
971,1
51754,1
9380,1
219,1
55667,1
6194,1
10695,1
116113,1
51645,1
63971,1
5292,1
23070,1
81853,1
10817,1
93643,1
63027,1
670,1
3159,1
6941,1
79969,1
23787,1
57176,1
347744,1
9982,1
84709,1
83894,1
4647,1
9873,1
408,1
338699,1
4926,1
60492,1
27314,1
79731,1
55298,1
29088,1
81796,1
96764,1
4750,1
84811,1
84259,1
23650,1
25833,1
5519,1
2230,1
64776,1
5607,1
51496,1
79811,1
23005,1
51203,1
51103,1
9493,1
57082,1
55142,1
56965,1
3706,1
102,1
54816,1
51187,1
2644,1
8412,1
56267,1
2959,1
5876,1
54810,1
1629,1
8634,1
3795,1
5495,1
80745,1
391365,1
5861,1
10097,1
9581,1
80204,1
79172,1
10128,1
57159,1
1838,1
10121,1
10660,1
3832,1
403,1
9585,1
310,1
317662,1
51008,1
140766,1
6229,1
80312,1
1763,1
471,1
580,1
79800,1
9360,1
79675,1
3417,1
29789,1
9541,1
1134,1
150864,1
55759,1
10152,1
3685,1
55032,1
10063,1
55329,1
9728,1
29766,1
90525,1
81556,1
54956,1
60490,1
8482,1
10144,1
51191,1
55345,1
55435,1
51138,1
22872,1
2250,1
84162,1
5910,1
55132,1
8654,1
11107,1
53371,1
9908,1
55752,1
950,1
901,1
8615,1
8999,1
27068,1
1062,1
79807,1
9061,1
5530,1
4547,1
23162,1
83606,1
64098,1
2120,1
55605,1
51067,1
121512,1
55500,1
144165,1
51279,1
9746,1
10219,1
83758,1
84298,1
121278,1
1848,1
282809,1
160418,1
121441,1
121260,1
6996,1
84934,1
326625,1
9815,1
6541,1
6821,1
50846,1
94,1
79035,1
6601,1
675,1
54934,1
91012,1
55716,1
23344,1
283373,1
115825,1
2098,1
5925,1
55206,1
23067,1
65082,1
54509,1
8562,1
64062,1
10150,1
84945,1
319089,1
6751,1
64403,1
145407,1
145389,1
122830,1
112840,1
2100,1
145482,1
122481,1
91833,1
9990,1
4236,1
6938,1
6652,1
10169,1
100529067,1
405753,1
50506,1
663,1
2958,1
22893,1
7090,1
54939,1
92912,1
2108,1
10363,1
49855,1
80349,1
79661,1
4123,1
59274,1
80119,1
9960,1
585,1
1543,1
25989,1
60677,1
10066,1
145864,1
5428,1
55215,1
55070,1
55898,1
8128,1
79631,1
6457,1
23478,1
84656,1
6524,1
64755,1
79798,1
5073,1
7385,1
9785,1
54957,1
10164,1
10300,1
2653,1
123920,1
81631,1
8720,1
1012,1
54925,1
6187,1
91151,1
22980,1
2622,1
9611,1
79018,1
84916,1
57610,1
81577,1
28987,1
10140,1
9905,1
90506,1
1213,1
124773,1
54828,1
51651,1
6760,1
10939,1
10650,1
3613,1
25800,1
83608,1
114799,1
114876,1
29919,1
55135,1
7157,1
396,1
9775,1
57521,1
201292,1
114804,1
56270,1
55520,1
4152,1
201456,1
115024,1
2064,1
5409,1
10907,1
29985,1
4782,1
91978,1
8612,1
63977,1
5211,1
93343,1
6455,1
56931,1
91039,1
90324,1
23410,1
10410,1
1291,1
3454,1
757,1
9875,1
2014,1
10055,1
126147,1
79760,1
81794,1
57140,1
105372481,1
90580,1
89790,1
112703,1
6205,1
90353,1
51070,1
83442,1
10256,1
6135,1
51042,1
127703,1
10733,1
54707,1
23421,1
26135,1
8915,1
3491,1
64129,1
11004,1
148932,1
1580,1
22823,1
261726,1
29922,1
57645,1
25874,1
55827,1
9095,1
5451,1
4259,1
55811,1
64326,1
81607,1
8490,1
6391,1
5202,1
5546,1
51093,1
93183,1
81875,1
26092,1
23179,1
10262,1
80222,1
9869,1
1513,1
81611,1
2029,1
10500,1
65005,1
54964,1
51686,1
126626,1
51514,1
1939,1
25896,1
11221,1
57198,1
8751,1
10899,1
5872,1
91181,1
9898,1
10456,1
89872,1
25912,1
65123,1
128061,1
51097,1
9859,1
4931,1
163859,1
23219,1
29097,1
8476,1
149111,1
7483,1
8497,1
5778,1
130589,1
79823,1
805,1
494143,1
6233,1
51542,1
55252,1
54465,1
6637,1
84874,1
51002,1
113419,1
8446,1
84524,1
51601,1
23190,1
11249,1
79634,1
80856,1
83879,1
493911,1
165215,1
3329,1
65065,1
151050,1
285362,1
84236,1
339768,1
151835,1
2177,1
132001,1
5868,1
58190,1
9125,1
114790,1
29926,1
80852,1
51143,1
1238,1
64651,1
54977,1
54756,1
7110,1
285282,1
64422,1
91653,1
83939,1
7220,1
57552,1
93109,1
9711,1
275,1
9730,1
116211,1
9353,1
8893,1
9718,1
55646,1
2044,1
10699,1
201780,1
58478,1
93587,1
100996939,1
817,1
115265,1
92610,1
54532,1
80854,1
92345,1
55016,1
6189,1
84869,1
285440,1
83853,1
10299,1
6167,1
100132916,1
5295,1
1404,1
5921,1
54826,1
23262,1
55814,1
64924,1
689,1
64839,1
25816,1
56929,1
51397,1
84466,1
171019,1
81555,1
23092,1
9547,1
9879,1
81545,1
10146,1
91975,1
23138,1
64777,1
10814,1
51256,1
107080638,1
10667,1
54438,1
54901,1
26249,1
90933,1
192286,1
22838,1
4594,1
79930,1
29777,1
222663,1
202500,1
285855,1
7162,1
134728,1
55023,1
57038,1
154214,1
58527,1
113115,1
51390,1
6993,1
154197,1
9202,1
79624,1
221806,1
79034,1
57786,1
3486,1
5814,1
4191,1
908,1
5723,1
222255,1
64418,1
56257,1
340351,1
92092,1
55281,1
64434,1
51631,1
55634,1
7592,1
6872,1
90060,1
8473,1
26548,1
93953,1
139818,1
27316,1
526,1
55246,1
79618,1
55909,1
11212,1
11160,1
51125,1
84513,1
84296,1
137872,1
51110,1
5440,1
8667,1
84294,1
4715,1
83940,1
84985,1
55630,1
115426,1
54801,1
203228,1
84186,1
414328,1
84909,1
58493,1
7357,1
92399,1
2649,1
210,1
54107,1
6837,1
57109,1
6130,1
28989,1
25792,1
114789,1
84895,1
9536,1
3934,1
90678,1
57720,1
286257,1
92715,1
9712,1
80013,1
338596,1
29982,1
11128,1
26091,1
10556,1
54788,1
92170,1
6877,1
23082,1
54805,1
84280,1
133,1
2620,1
55327,1
196294,1
27315,1
7762,1
85456,1
5795,1
84364,1
10658,1
23052,1
79780,1
871,1
726,1
92105,1
6188,1
4863,1
472,1
128710,1
55004,1
2900,1
6768,1
57325,1
26007,1
51524,1
3619,1
26229,1
9538,1
1111,1
9638,1
105369550,1
90952,1
10205,1
6876,1
149951,1
128864,1
54915,1
83706,1
740,1
2197,1
7108,1
5531,1
226,1
83723,1
9344,1
1489,1
51503,1
57626,1
55208,1
55002,1
219854,1
221143,1
10284,1
23284,1
220108,1
1740,1
1793,1
85458,1
1737,1
120379,1
55216,1
26521,1
5805,1
23457,1
196383,1
57647,1
3708,1
23657,1
25819,1
196513,1
55768,1
121053,1
90488,1
89910,1
253430,1
144715,1
114134,1
283464,1
5756,1
93081,1
1456,1
153443,1
64067,1
51562,1
129787,1
4718,1
2241,1
63894,1
57182,1
8872,1
2059,1
112936,1
23310,1
143187,1
121601,1
166785,1
22944,1
5281,1
80014,1
79682,1
196394,1
636,1
60485,1
160857,1
387923,1
51594,1
60558,1
55835,1
64417,1
667,1
221336,1
7073,1
9910,1
130074,1
253635,1
79833,1
79596,1
120534,1
57724,1
9050,1
498,1
115106,1
147339,1
5163,1
5140,1
10618,1
284948,1
83734,1
134359,1
167555,1
9456,1
7518,1
284306,1
79723,1
64421,1
10557,1
116412,1
255967,1
79925,1
133686,1
54514,1
55676,1
51128,1
79819,1
10160,1
53354,1
56978,1
651,1
9987,1
3087,1
7402,1
9453,1
115827,1
153562,1
5884,1
9412,1
55351,1
285672,1
10283,1
6728,1
64946,1
64682,1
1070,1
8467,1
221711,1
3192,1
5903,1
84910,1
4929,1
124402,1
146556,1
26175,1
3621,1
7342,1
925,1
22934,1
5789,1
2960,1
10428,1
130888,1
1105,1
9653,1
221302,1
284161,1
116150,1
5529,1
26289,1
26256,1
55364,1
135154,1
84897,1
9868,1
200014,1
23461,1
5169,1
55286,1
23043,1
9184,1
129881,1
6921,1
10950,1
54149,1
27342,1
54148,1
522,1
2551,1
9510,1
11096,1
7508,1
51244,1
201163,1
285381,1
92106,1
30827,1
65258,1
124739,1
7566,1
113612,1
7071,1
23097,1
112495,1
158219,1
64210,1
118813,1
27201,1
6782,1
1622,1
55027,1
5018,1
9056,1
23367,1
9337,1
136332,1
133383,1
23165,1
342357,1
9601,1
79831,1
285172,1
65062,1
64798,1
133522,1
1836,1
158297,1
10670,1
5922,1
55005,1
51643,1
1193,1
137492,1
3798,1
138199,1
90550,1
145483,1
2776,1
132,1
10538,1
1633,1
9508,1
286148,1
137682,1
157657,1
57188,1
419,1
123720,1
29104,1
10600,1
10694,1
7074,1
57466,1
119392,1
118980,1
51001,1
9791,1
6832,1
1915,1
80201,1
57497,1
9246,1
219541,1
60685,1
27020,1
80223,1
9131,1
9530,1
286053,1
64319,1
64645,1
163786,1
2585,1
701,1
5147,1
6750,1
6396,1
9941,1
123803,1
9372,1
54953,1
55707,1
3361,1
4323,1
8321,1
10901,1
11269,1
3815,1
132949,1
9133,1
145773,1
4643,1
10311,1
2114,1
347734,1
84187,1
90993,1
25966,1
257169,1
203197,1
254048,1
673,1
57728,1
10239,1
56896,1
9364,1
64897,1
200634,1
5051,1
63875,1
138639,1
4690,1
195827,1
26504,1
2140,1
10163,1
115572,1
64849,1
54933,1
3017,1
8365,1
129531,1
9669,1
158787,1
55571,1
3745,1
340348,1
9542,1
23382,1
9334,1
9825,1
90121,1
81544,1
84919,1
26958,1
56946,1
137964,1
9753,1
2005,1
142683,1
50848,1
7391,1
4817,1
9191,1
92822,1
8822,1
8703,1
2039,1
9507,1
2207,1
84134,1
51735,1
2035,1
54069,1
79053,1
54461,1
56683,1
94104,1
3455,1
124995,1
2618,1
6651,1
29980,1
516,1
1827,1
65264,1
11267,1
873,1
23515,1
8208,1
3141,1
283748,1
5692,1
7832,1
715,1
8659,1
57519,1
197131,1
64843,1
60313,1
51249,1
374739,1
9813,1
84303,1
5681,1
203260,1
7638,1
353355,1
5739,1
55108,1
29101,1
252995,1
2063,1
131076,1
203547,1
89765,1
10785,1
4731,1
5316,1
875,1
102724560,1
7307,1
102724594,1
1409,1
11077,1
23076,1
8566,1
105372824,1
2539,1
8568,1
7109,1
8209,1
102724023,1
755,1
5900,1
84221,1
7410,1
8888,1
54058,1
5116,1
3275,1
125875,1
27433,1
30815,1
10444,1
84885,1
57731,1
57551,1
23387,1
284086,1
116238,1
9159,1
6294,1
26097,1
6464,1
55823,1
103,1
55129,1
2224,1
23623,1
10712,1
11243,1
56893,1
54865,1
3101,1
9592,1
51160,1
5731,1
54784,1
9794,1
222229,1
222235,1
222236,1
5701,1
126321,1
373856,1
1857,1
5130,1
199746,1
4868,1
199745,1
115399,1
57125,1
29115,1
51,1
6427,1
84765,1
55260,1
317719,1
25946,1
284361,1
126119,1
80174,1
113026,1
125950,1
256126,1
147841,1
115950,1
26168,1
6154,1
197335,1
339123,1
51005,1
124222,1
114984,1
124220,1
7627,1
81570,1
10825,1
220002,1
2785,1
79081,1
10482,1
6811,1
6159,1
3699,1
8986,1
51727,1
65260,1
79699,1
54987,1
25973,1
23358,1
10691,1
84328,1
4146,1
9672,1
553115,1
5928,1
127733,1
148870,1
114803,1
83941,1
7398,1
8880,1
91624,1
11080,1
284611,1
148423,1
284695,1
164045,1
339479,1
343450,1
178,1
2135,1
148867,1
10092,1
25893,1
5824,1
23385,1
25903,1
126823,1
28982,1
64783,1
51278,1
148362,1
51205,1
64216,1
163882,1
165140,1
148789,1
5966,1
150962,1
5194,1
51072,1
84661,1
129450,1
79568,1
26225,1
130162,1
112942,1
165055,1
554226,1
132671,1
129880,1
56916,1
10611,1
285555,1
93082,1
23248,1
388695,1
2071,1
55677,1
6282,1
90957,1
54876,1
132789,1
113510,1
51023,1
8545,1
84142,1
10654,1
57326,1
9076,1
204851,1
55891,1
55249,1
285203,1
128240,1
6565,1
1999,1
92703,1
10109,1
8320,1
64343,1
79411,1
5274,1
23122,1
5584,1
151651,1
200916,1
151742,1
29083,1
57577,1
1040,1
23001,1
285521,1
5783,1
132989,1
9861,1
8833,1
57018,1
6133,1
201895,1
11102,1
26577,1
64419,1
151613,1
2921,1
6374,1
25898,1
11073,1
54861,1
285126,1
22950,1
151056,1
57456,1
56992,1
51304,1
79442,1
54859,1
51725,1
7707,1
349565,1
113444,1
9204,1
55689,1
79753,1
90407,1
6184,1
59343,1
5984,1
8314,1
91869,1
57654,1
285464,1
23272,1
50650,1
7884,1
4043,1
131540,1
200931,1
165918,1
54965,1
9255,1
23173,1
79982,1
3015,1
150159,1
993,1
51246,1
63891,1
22824,1
256471,1
80167,1
84315,1
1849,1
25886,1
3148,1
8819,1
4085,1
80155,1
729830,1
27236,1
10393,1
6059,1
54726,1
11157,1
55751,1
90826,1
153396,1
25836,1
84059,1
134429,1
5229,1
134147,1
133619,1
2150,1
134266,1
153642,1
81789,1
256987,1
285782,1
836,1
201973,1
51752,1
202333,1
253260,1
167153,1
57763,1
134510,1
84135,1
10412,1
84340,1
116842,1
10370,1
6862,1
57107,1
221955,1
9263,1
29896,1
6208,1
6100,1
819,1
285613,1
55536,1
54468,1
23462,1
2171,1
92421,1
5224,1
5828,1
5885,1
54919,1
734,1
1020,1
6522,1
10922,1
83590,1
51808,1
501,1
116039,1
7534,1
81034,1
25879,1
9897,1
138716,1
84688,1
6619,1
318,1
203238,1
51271,1
55335,1
19,1
55798,1
136242,1
138050,1
254158,1
158405,1
55342,1
1365,1
195828,1
4712,1
84720,1
30968,1
254170,1
145581,1
171546,1
7486,1
7253,1
10910,1
2957,1
283209,1
221035,1
221150,1
221154,1
51585,1
63876,1
122769,1
6166,1
55172,1
23588,1
9147,1
84881,1
382,1
123016,1
1045,1
89890,1
11164,1
509,1
8559,1
83860,1
7417,1
64324,1
27069,1
6621,1
23203,1
10807,1
158067,1
11092,1
138311,1
116225,1
9188,1
9790,1
90809,1
29986,1
51222,1
142940,1
220081,1
143379,1
259217,1
80019,1
26287,1
143872,1
29763,1
91252,1
79841,1
53981,1
64112,1
9152,1
389941,1
79101,1
27291,1
9702,1
161742,1
11245,1
112937,1
170689,1
84706,1
121457,1
27079,1
55662,1
4714,1
84936,1
552,1
8945,1
25911,1
8539,1
9221,1
9318,1
5092,1
25820,1
196951,1
116159,1
8065,1
54838,1
102724307,1
119032,1
717,1
79156,1
119504,1
160140,1
54765,1
8642,1
1528,1
159195,1
5896,1
8495,1
9710,1
79608,1
3419,1
143570,1
9866,1
254225,1
55839,1
123775,1
440026,1
123169,1
7702,1
7465,1
5579,1
50810,1
7589,1
144568,1
7084,1
65084,1
115811,1
7184,1
27018,1
144100,1
80095,1
644353,1
567,1
9640,1
113201,1
3359,1
164,1
84191,1
63901,1
9768,1
55897,1
92292,1
162681,1
84516,1
54386,1
10845,1
9880,1
63928,1
23306,1
4665,1
23339,1
219988,1
91419,1
23582,1
2038,1
91433,1
59271,1
401285,1
114785,1
245812,1
2923,1
11051,1
4824,1
5090,1
6632,1
2801,1
26995,1
51117,1
10999,1
51148,1
57171,1
388389,1
6668,1
26263,1
83473,1
84064,1
7644,1
257160,1
51755,1
51367,1
10632,1
116969,1
10449,1
6240,1
55128,1
112476,1
7571,1
7769,1
7733,1
28227,1
79759,1
9726,1
94235,1
4025,1
55181,1
4218,1
90007,1
199786,1
54815,1
4597,1
124923,1
6137,1
121274,1
8085,1
84940,1
121268,1
7846,1
84790,1
84436,1
29946,1
53916,1
148137,1
29785,1
147798,1
341405,1
83696,1
7705,1
64073,1
1613,1
10036,1
124935,1
83547,1
124997,1
55720,1
374875,1
55611,1
51293,1
148156,1
254552,1
347853,1
7001,1
79003,1
3396,1
146664,1
7083,1
137695,1
147184,1
84514,1
83986,1
90850,1
1877,1
1775,1
1632,1
54442,1
146434,1
55048,1
5866,1
2495,1
26580,1
5436,1
144097,1
89849,1
26005,1
9881,1
199223,1
3921,1
54986,1
29901,1
116071,1
7536,1
5871,1
5049,1
57691,1
55209,1
79725,1
93487,1
92181,1
7266,1
388753,1
4247,1
57215,1
5162,1
54899,1
115294,1
136647,1
3660,1
378,1
4735,1
1841,1
84289,1
93107,1
91949,1
51362,1
256309,1
661,1
8436,1
124790,1
2675,1
55602,1
79064,1
6774,1
8754,1
2668,1
4725,1
10768,1
54910,1
6474,1
9925,1
54921,1
161823,1
9836,1
22847,1
53407,1
166793,1
85476,1
56884,1
54851,1
10713,1
388969,1
129303,1
51255,1
80723,1
92305,1
5480,1
153241,1
56947,1
8681,1
10116,1
54951,1
5604,1
65110,1
4920,1
293,1
53944,1
55130,1
22809,1
137362,1
126129,1
23214,1
27301,1
197370,1
10421,1
10960,1
7059,1
55974,1
1942,1
8233,1
51068,1
8706,1
114787,1
65008,1
55276,1
9197,1
10073,1
8738,1
5747,1
5780,1
6335,1
83877,1
25932,1
83987,1
196074,1
54967,1
5093,1
3094,1
285605,1
9022,1
283899,1
1677,1
27247,1
123207,1
83640,1
699,1
83985,1
1138,1
7555,1
7360,1
686,1
5099,1
5028,1
81844,1
94056,1
92595,1
65988,1
79724,1
10746,1
83443,1
7584,1
201798,1
214,1
7532,1
116840,1
58485,1
197320,1
220988,1
84640,1
140838,1
56985,1
55031,1
10015,1
7988,1
84140,1
84520,1
10826,1
10491,1
152189,1
11337,1
7314,1
56980,1
10972,1
6419,1
7779,1
3856,1
3035,1
9119,1
57148,1
53343,1
5036,1
23204,1
57228,1
153572,1
6773,1
134492,1
3308,1
3171,1
121355,1
83787,1
98,1
11016,1
347273,1
5429,1
3790,1
3799,1
55038,1
79145,1
8493,1
51499,1
27258,1
11236,1
84437,1
4696,1
126014,1
85315,1
120526,1
85509,1
90338,1
112464,1
341019,1
80310,1
219875,1
5569,1
83595,1
55006,1
3643,1
55669,1
170850,1
155066,1
84522,1
10474,1
29071,1
79894,1
55657,1
203245,1
64080,1
84233,1
55863,1
81603,1
3726,1
116844,1
283742,1
126070,1
2548,1
124583,1
157570,1
3866,1
8862,1
147807,1
57684,1
9533,1
171023,1
24149,1
93134,1
147179,1
84525,1
26156,1
55144,1
5481,1
2110,1
5734,1
598,1
5356,1
100529264,1
51523,1
10782,1
2186,1
170591,1
57449,1
55729,1
8841,1
10243,1
23261,1
79029,1
2628,1
200172,1
1503,1
83889,1
92342,1
144699,1
5394,1
4300,1
51112,1
5728,1
246243,1
83660,1
390054,1
91647,1
10465,1
221037,1
83452,1
253152,1
3913,1
94103,1
126308,1
10201,1
54205,1
55106,1
27085,1
28998,1
10892,1
3669,1
154141,1
375444,1
7690,1
100506639,1
25988,1
55352,1
112858,1
10248,1
27254,1
9915,1
10978,1
143941,1
221421,1
150678,1
55277,1
4299,1
3054,1
122704,1
10924,1
80194,1
93550,1
84750,1
29942,1
221468,1
79612,1
90288,1
80011,1
3222,1
167227,1
6169,1
5916,1
23491,1
6670,1
254042,1
285268,1
338692,1
4615,1
9943,1
100288801,1
10524,1
79877,1
93624,1
257236,1
339403,1
27235,1
3310,1
51504,1
203054,1
78988,1
150684,1
4580,1
1163,1
91749,1
81839,1
2804,1
254439,1
134391,1
158399,1
56834,1
8658,1
203523,1
49854,1
79660,1
128822,1
10089,1
84826,1
79625,1
256710,1
1605,1
440574,1
83591,1
122651,1
10534,1
6599,1
7423,1
79834,1
8793,1
4485,1
8794,1
92597,1
90441,1
1464,1
257364,1
165082,1
1106,1
29903,1
51134,1
286205,1
64802,1
9804,1
1267,1
10209,1
57674,1
220359,1
1263,1
163049,1
80012,1
83759,1
115123,1
353189,1
5936,1
165324,1
8557,1
375387,1
200933,1
253512,1
23592,1
283951,1
81793,1
254359,1
23269,1
144577,1
10594,1
9416,1
57659,1
55584,1
9156,1
3981,1
55055,1
10302,1
147323,1
582,1
10260,1
127845,1
79647,1
266743,1
55167,1
162968,1
90806,1
10781,1
11041,1
153339,1
51574,1
9975,1
25855,1
6138,1
3265,1
9610,1
152815,1
9662,1
8322,1
685,1
201626,1
11146,1
126328,1
51319,1
257062,1
81876,1
125988,1
285315,1
253980,1
170506,1
545,1
11065,1
256356,1
80124,1
1674,1
149420,1
7189,1
80851,1
28,1
1466,1
55486,1
1649,1
5095,1
123346,1
79797,1
392,1
9776,1
378708,1
22845,1
196996,1
27257,1
91464,1
8815,1
56674,1
57758,1
84285,1
4087,1
9092,1
254187,1
387787,1
10008,1
7352,1
7351,1
80227,1
51642,1
5870,1
2072,1
79783,1
54968,1
116028,1
58492,1
22877,1
54998,1
401505,1
55508,1
145270,1
169841,1
4482,1
2118,1
375757,1
340481,1
84747,1
84617,1
116068,1
386724,1
79898,1
153364,1
1479,1
7525,1
10301,1
402682,1
55346,1
79915,1
114926,1
342908,1
25914,1
339487,1
7694,1
1351,1
54993,1
246184,1
6051,1
84277,1
254531,1
28232,1
79446,1
222171,1
627,1
79635,1
283933,1
401466,1
375189,1
8851,1
80230,1
374819,1
10265,1
284207,1
55884,1
284358,1
733,1
6470,1
9632,1
4524,1
23403,1
84942,1
196527,1
403341,1
1068,1
125228,1
6888,1
8408,1
80205,1
162517,1
57513,1
64925,1
118461,1
221091,1
29928,1
64110,1
5074,1
7182,1
2828,1
284119,1
10425,1
475,1
497661,1
3725,1
23283,1
2629,1
23765,1
168451,1
54943,1
389289,1
285525,1
9849,1
285267,1
387856,1
360023,1
7334,1
151188,1
92806,1
6232,1
55272,1
55929,1
25915,1
205327,1
55620,1
83983,1
51027,1
9659,1
653513,1
4729,1
254251,1
143888,1
387694,1
63917,1
114798,1
348654,1
282679,1
8834,1
7766,1
221294,1
84987,1
54681,1
9852,1
56998,1
2081,1
7056,1
9377,1
124989,1
147991,1
6879,1
285346,1
2580,1
6415,1
114932,1
161829,1
9212,1
285237,1
23212,1
55920,1
283284,1
375759,1
132625,1
286499,1
54344,1
1537,1
5187,1
80153,1
285343,1
222659,1
199720,1
811,1
9500,1
5886,1
5781,1
1198,1
10620,1
1960,1
50628,1
24147,1
144811,1
84232,1
51268,1
126326,1
84948,1
23042,1
102724985,1
127003,1
22864,1
22928,1
151306,1
55017,1
79738,1
79077,1
51333,1
118672,1
122809,1
197407,1
401097,1
1731,1
11336,1
81889,1
8575,1
55785,1
8092,1
124808,1
166815,1
23060,1
5062,1
285331,1
283254,1
54494,1
23526,1
51276,1
8334,1
387640,1
8347,1
151963,1
170825,1
1132,1
387914,1
120103,1
23513,1
728294,1
55783,1
400410,1
23760,1
255252,1
283554,1
166379,1
1728,1
284439,1
124512,1
284129,1
25994,1
2149,1
286075,1
101928160,1
92815,1
5430,1
347736,1
163183,1
339500,1
5912,1
79777,1
6448,1
29072,1
390066,1
5324,1
286451,1
205428,1
90355,1
84967,1
10193,1
94039,1
134553,1
51287,1
6635,1
3418,1
7485,1
84629,1
55505,1
375748,1
283989,1
51021,1
51329,1
81532,1
326340,1
124637,1
55137,1
284359,1
8905,1
342945,1
143879,1
54059,1
55344,1
122553,1
161779,1
23265,1
3838,1
2242,1
51218,1
3985,1
84975,1
83882,1
348235,1
7267,1
283870,1
51335,1
1397,1
55794,1
64746,1
29035,1
3932,1
339168,1
6165,1
6000,1
83733,1
56849,1
28970,1
80254,1
10473,1
25904,1
162967,1
89874,1
5121,1
125061,1
10082,1
389337,1
285753,1
5877,1
9802,1
9403,1
8690,1
158358,1
100128569,1
10946,1
646625,1
11219,1
57634,1
493753,1
8624,1
253143,1
253190,1
84193,1
653604,1
119559,1
116541,1
56941,1
4707,1
55039,1
4978,1
84851,1
10186,1
146223,1
29110,1
11200,1
57528,1
80139,1
386617,1
389677,1
286826,1
114781,1
10766,1
6331,1
130502,1
219527,1
5613,1
283869,1
256933,1
10281,1
26276,1
29796,1
54954,1
8508,1
220074,1
126382,1
152579,1
140739,1
54328,1
64061,1
3654,1
84319,1
5101,1
8338,1
317772,1
5463,1
80213,1
10078,1
401145,1
1946,1
124783,1
1435,1
84517,1
84441,1
127550,1
26039,1
9276,1
9735,1
2826,1
253769,1
256646,1
374659,1
11260,1
5142,1
124751,1
81931,1
138046,1
8349,1
5413,1
56478,1
25923,1
6991,1
7327,1
79135,1
25880,1
155435,1
375287,1
83943,1
391356,1
646851,1
4700,1
113277,1
26985,1
377677,1
22888,1
51065,1
56160,1
3297,1
387263,1
5813,1
8340,1
353274,1
267002,1
51186,1
9230,1
10196,1
55015,1
7625,1
285600,1
441549,1
3563,1
339230,1
54622,1
10634,1
9146,1
51263,1
64754,1
400451,1
374395,1
55010,1
4582,1
80233,1
9899,1
727910,1
6667,1
64976,1
10336,1
5719,1
4908,1
6490,1
333929,1
254956,1
347918,1
4733,1
6345,1
159013,1
56479,1
10933,1
348793,1
51227,1
10320,1
374899,1
79896,1
3916,1
84197,1
54093,1
6473,1
23299,1
126520,1
84859,1
51079,1
84924,1
220107,1
64853,1
84529,1
54103,1
120227,1
10773,1
130355,1
10623,1
51741,1
338657,1
146909,1
64757,1
55330,1
388567,1
57496,1
55693,1
64222,1
2558,1
4675,1
153768,1
353322,1
200035,1
7626,1
55922,1
3840,1
115560,1
10168,1
110354863,1
6228,1
27445,1
252884,1
84065,1
151011,1
11104,1
123722,1
116985,1
80829,1
144233,1
339761,1
90624,1
25794,1
654254,1
474343,1
147645,1
84307,1
100101467,1
53373,1
10614,1
129293,1
105374836,1
4137,1
54821,1
23390,1
642987,1
64800,1
10881,1
91582,1
957,1
4673,1
152100,1
57698,1
353332,1
23270,1
4501,1
23048,1
4059,1
222194,1
1630,1
11261,1
387763,1
3767,1
51182,1
378884,1
9636,1
387032,1
81848,1
3266,1
2175,1
79048,1
57697,1
64170,1
65243,1
391723,1
1978,1
550631,1
342979,1
400891,1
390064,1
285386,1
729967,1
29978,1
353116,1
646457,1
57474,1
147199,1
377047,1
145873,1
376940,1
389541,1
5575,1
374383,1
123879,1
390927,1
170622,1
123688,1
57801,1
79862,1
401541,1
387712,1
84527,1
1121,1
63915,1
3014,1
284325,1
10772,1
285193,1
4077,1
340784,1
283726,1
7390,1
51114,1
643155,1
340277,1
144404,1
23029,1
130612,1
399473,1
4520,1
387921,1
3167,1
84464,1
85302,1
401494,1
158293,1
345222,1
283219,1
163081,1
121642,1
9516,1
196528,1
23450,1
388552,1
100129583,1
646799,1
145853,1
7259,1
55629,1
132660,1
57402,1
100131211,1
84933,1
3146,1
644943,1
282991,1
10388,1
90835,1
58500,1
151525,1
7633,1
25894,1
79633,1
389649,1
36,1
90321,1
9901,1
63939,1
6829,1
63929,1
389376,1
5478,1
8464,1
60491,1
487,1
3376,1
94027,1
55888,1
147929,1
1995,1
9361,1
8295,1
2526,1
79754,1
7699,1
124056,1
2050,1
2547,1
27153,1
6399,1
10597,1
140465,1
79711,1
132946,1
55660,1
54834,1
51434,1
27010,1
60312,1
165679,1
4122,1
7516,1
158431,1
65267,1
57001,1
91392,1
51399,1
9895,1
643836,1
112479,1
54543,1
7582,1
51321,1
170959,1
4763,1
147686,1
8329,1
5456,1
55534,1
8969,1
29966,1
1146,1
64771,1
160760,1
374354,1
128312,1
23365,1
219623,1
160,1
199704,1
307,1
8270,1
11152,1
29950,1
163227,1
541578,1
57541,1
221785,1
8364,1
7741,1
85379,1
79690,1
1778,1
5094,1
23507,1
8356,1
27044,1
146540,1
341676,1
5718,1
6583,1
9583,1
8363,1
25959,1
135398,1
7718,1
641,1
51592,1
57162,1
79027,1
136051,1
6584,1
8351,1
3652,1
55753,1
50861,1
142678,1
4644,1
3004,1
10533,1
92104,1
23145,1
23556,1
11147,1
65250,1
284371,1
284370,1
91966,1
56882,1
163059,1
196385,1
6709,1
55742,1
57565,1
10794,1
6231,1
283579,1
6168,1
197342,1
347344,1
6884,1
284323,1
79607,1
100499483,1
23315,1
100506658,1
121504,1
339318,1
8733,1
54557,1
28512,1
644890,1
128,1
85236,1
30001,1
89848,1
6136,1
26052,1
7675,1
9019,1
23230,1
389170,1
3792,1
55035,1
115948,1
28977,1
63925,1
84549,1
84677,1
7541,1
23607,1
65251,1
57209,1
54863,1
65124,1
54989,1
57708,1
90987,1
51170,1
11325,1
9931,1
220992,1
55153,1
7745,1
439,1
200734,1
11060,1
2673,1
7405,1
7574,1
50618,1
10724,1
9747,1
441478,1
374900,1
147657,1
84914,1
388558,1
55319,1
339541,1
11321,1
118472,1
199692,1
11169,1
7919,1
100532737,1
987,1
4194,1
23054,1
801,1
9652,1
22909,1
80184,1
23116,1
10497,1
8861,1
57154,1
63906,1
4536,1
9182,1
91603,1
4540,1
29883,1
2475,1
192683,1
25925,1
9860,1
4512,1
2710,1
22887,1
22876,1
3151,1
51465,1
4976,1
112970,1
51714,1
58505,1
26046,1
146923,1
2869,1
25853,1
23137,1
4535,1
55170,1
149345,1
85457,1
6721,1
51490,1
6170,1
9851,1
9937,1
353,1
9755,1
154467,1
4668,1
23381,1
9867,1
6096,1
259230,1
84288,1
116228,1
375057,1
128387,1
388722,1
619208,1
399818,1
440689,1
148418,1
84455,1
221424,1
90196,1
26058,1
55680,1
65979,1
84243,1
9721,1
83849,1
10471,1
339229,1
169981,1
1306,1
494513,1
80863,1
100507547,1
8859,1
1797,1
221527,1
6392,1
10919,1
4758,1
3304,1
3303,1
3305,1
80737,1
55777,1
7920,1
728215,1
55937,1
7917,1
401250,1
730051,1
100507436,1
390980,1
54535,1
29113,1
23,1
80742,1
2794,1
56658,1
90317,1
6992,1
11138,1
399726,1
387638,1
387778,1
138255,1
5987,1
83538,1
116540,1
642475,1
6311,1
29902,1
3104,1
440145,1
790955,1
100289678,1
155054,1
728568,1
84501,1
84912,1
79583,1
441054,1
55851,1
201725,1
5150,1
6643,1
10527,1
4676,1
3150,1
388931,1
91750,1
54065,1
100130311,1
6453,1
285636,1
403313,1
153657,1
752014,1
56245,1
220164,1
90861,1
653082,1
3042,1
201562,1
348801,1
152098,1
280636,1
163154,1
50840,1
106707243,1
23636,1
375035,1
22828,1
9534,1
255758,1
151230,1
100526832,1
10962,1
9623,1
6827,1
4893,1
4056,1
1147,1
6494,1
55333,1
402,1
494115,1
10011,1
51075,1
3073,1
4722,1
54741,1
5500,1
63940,1
51517,1
1388,1
6235,1
2968,1
729767,1
56260,1
1773,1
145553,1
3046,1
3047,1
390916,1
55739,1
100271849,1
2595,1
26140,1
157574,1
8904,1
339231,1
57128,1
26292,1
155006,1
10195,1
255809,1
654502,1
51024,1
283,1
255374,1
79441,1
92482,1
100528020,1
51400,1
10809,1
64506,1
7866,1
100188893,1
125150,1
729920,1
11331,1
84461,1
692094,1
55670,1
60493,1
1654,1
64601,1
55628,1
100526842,1
3166,1
729515,1
56900,1
100131187,1
79741,1
96459,1
100131390,1
51192,1
100505876,1
163033,1
729852,1
375190,1
441150,1
353323,1
646450,1
63920,1
221786,1
200765,1
389668,1
84561,1
7311,1
9374,1
100532746,1
149478,1
149069,1
118460,1
221710,1
196993,1
102724231,1
51406,1
101928527,1
647310,1
100288413,1
9277,1
100144748,1
55009,1
100130890,1
100128731,1
6171,1
197135,1
146542,1
84320,1
100527964,1
100131244,1
3281,1
6892,1
388789,1
100303755,1
2876,1
643376,1
8341,1
6234,1
257415,1
729978,1
143678,1
64288,1
387882,1
729020,1
100129250,1
378925,1
8705,1
58486,1
100874261,1
102723971,1
91368,1
5863,1
3833,1
285550,1
652968,1
84964,1
4830,1
23559,1
51608,1
158,1
5098,1
84129,1
53938,1
54596,1
57461,1
56097,1
387521,1
57665,1
4282,1
57002,1
27297,1
6173,1
79897,1
202658,1
9551,1
10093,1
11185,1
10552,1
8577,1
539,1
23761,1
5822,1
5297,1
25764,1
398,1
632,1
128977,1
3692,1
55052,1
728591,1
9907,1
57553,1
11230,1
647087,1
154881,1
1945,1
114299,1
8771,1
3588,1
642819,1
4831,1
100137049,1
7268,1
100506144,1
100137047,1
84450,1
95,1
9054,1
1650,1
5032,1
55861,1
2119,1
10137,1
91179,1
7335,1
10443,1
1050,1
92935,1
593,1
56135,1
100526664,1
89,1
100526740,1
388569,1
163050,1
10016,1
100526693,1
255403,1
152756,1
100526761,1
644145,1
641339,1
100302736,1
162972,1
100526739,1
440138,1
552889,1
137075,1
339324,1
4067,1
441381,1
29082,1
4975,1
1937,1
100529251,1
767557,1
729991,1
10072,1
100534593,1
404734,1
386607,1
109703458,1
23741,1
100528064,1
81488,1
9668,1
3145,1
373863,1
11232,1
100129361,1
59348,1
56242,1
26065,1
283459,1
100381270,1
2342,1
100529097,1
8693,1
255783,1
10330,1
100134934,1
124944,1
51750,1
64146,1
101730217,1
100529257,1
6038,1
90799,1
100533179,1
100526836,1
100528030,1
100532726,1
100528021,1
100527943,1
29890,1
100507588,1
100527963,1
100507421,1
100507290,1
105372440,1
100529145,1
100507050,1
8139,1
100534599,1
79585,1
643669,1
124641,1
2969,1
10929,1
56957,1
27246,1
6139,1
100526837,1
92335,1
54460,1
80755,1
342892,1
100885848,1
9294,1
112812,1
4701,1
29057,1
727866,1
115290,1
6689,1
401612,1
646862,1
100996928,1
100529215,1
100303453,1
152217,1
100528007,1
100529241,1
404672,1
11165,1
55802,1
100130705,1
100528018,1
150590,1
8926,1
100534611,1
8362,1
54883,1
9326,1
8342,1
8339,1
6880,1
79159,1
8355,1
100532735,1
8358,1
81554,1
8361,1
8348,1
85235,1
57223,1
11276,1
79873,1
7549,1
8368,1
94059,1
8330,1
157285,1
8354,1
8345,1
8350,1
57636,1
114791,1
11072,1
84876,1
6871,1
8396,1
8331,1
8367,1
3012,1
8360,1
284098,1
7703,1
440435,1
4082,1
93474,1
8968,1
5691,1
284106,1
7554,1
8335,1
79154,1
31,1
79922,1
8359,1
8336,1
8366,1
8357,1
100507462,1
126661,1
79447,1
283521,1
100862671,1
110806296,1
101929469,1
101929355,1
100132146,1
100128908,1
