entrezgene,STAT3
8813,1
57147,1
3075,1
2519,1
2729,1
4800,1
90529,1
57185,1
81887,1
54467,1
889,1
5893,1
572,1
51056,1
4267,1
9957,1
8379,1
3927,1
4074,1
3382,1
57679,1
843,1
8837,1
55471,1
10181,1
6542,1
26073,1
204,1
952,1
23028,1
10180,1
84254,1
5965,1
55610,1
126393,1
115703,1
4706,1
5166,1
51364,1
10165,1
7982,1
93655,1
996,1
3052,1
1856,1
64063,1
292,1
55013,1
56919,1
4222,1
3980,1
79657,1
81691,1
57019,1
56928,1
80256,1
5577,1
6936,1
54677,1
55904,1
57414,1
25998,1
7748,1
23077,1
26224,1
3683,1
5164,1
3675,1
7543,1
3920,1
55049,1
9020,1
54972,1
163,1
10127,1
64847,1
4293,1
5898,1
55971,1
2115,1
55001,1
57157,1
9855,1
79017,1
10926,1
3475,1
56891,1
1352,1
54623,1
27072,1
60528,1
85477,1
414,1
8228,1
51265,1
57787,1
115098,1
90273,1
5048,1
1770,1
9703,1
79090,1
64285,1
55692,1
57585,1
7005,1
6401,1
55735,1
29116,1
5689,1
6853,1
3720,1
6792,1
728642,1
65220,1
9940,1
6856,1
1534,1
9043,1
1951,1
10157,1
51188,1
84954,1
4257,1
1407,1
6482,1
9235,1
23221,1
54497,1
6224,1
7812,1
9690,1
5980,1
199870,1
51534,1
9031,1
51513,1
83932,1
51603,1
7756,1
83930,1
928,1
9918,1
2696,1
51533,1
11188,1
23166,1
80199,1
10233,1
695,1
3077,1
3097,1
6924,1
11313,1
1185,1
100379251,1
654364,1
6534,1
10867,1
55727,1
9546,1
54903,1
51099,1
26993,1
54799,1
51096,1
54476,1
54902,1
5725,1
9066,1
23395,1
5286,1
5329,1
54443,1
2844,1
23637,1
54814,1
5536,1
8491,1
672,1
2067,1
933,1
51360,1
2137,1
60481,1
57658,1
55148,1
5704,1
51629,1
9961,1
5238,1
112611,1
1195,1
55703,1
9604,1
1774,1
1663,1
9052,1
10046,1
10460,1
23376,1
23649,1
23144,1
823,1
55,1
4190,1
10463,1
10903,1
1355,1
440193,1
10138,1
10771,1
7454,1
9782,1
64132,1
23386,1
55349,1
22802,1
55830,1
27032,1
10928,1
22902,1
63932,1
477,1
55622,1
8685,1
6591,1
972,1
54764,1
4331,1
23034,1
4361,1
1992,1
64816,1
6683,1
9716,1
1373,1
51507,1
55655,1
57210,1
9921,1
55778,1
64429,1
57476,1
100128242,1
6050,1
4719,1
9821,1
23071,1
211,1
330,1
11215,1
51022,1
6617,1
51071,1
11171,1
1244,1
50619,1
51177,1
2730,1
23304,1
30846,1
55635,1
25901,1
3298,1
51230,1
8630,1
10062,1
1890,1
29781,1
10953,1
11231,1
23633,1
7431,1
100533107,1
355,1
8635,1
960,1
56895,1
57823,1
11119,1
4285,1
5583,1
3459,1
11285,1
9047,1
55591,1
5452,1
65980,1
6642,1
9519,1
56938,1
9774,1
55334,1
51106,1
23279,1
578,1
4593,1
22807,1
2896,1
51306,1
57514,1
55166,1
6301,1
8498,1
5926,1
7260,1
10908,1
8100,1
55596,1
10061,1
55236,1
535,1
9497,1
5606,1
9168,1
28990,1
25897,1
8504,1
84908,1
55789,1
23604,1
8439,1
159,1
5981,1
55773,1
9172,1
10858,1
26009,1
6570,1
9099,1
51121,1
54888,1
54455,1
4238,1
4234,1
175,1
55300,1
259282,1
27430,1
7092,1
1462,1
23274,1
4481,1
23517,1
1767,1
9765,1
26064,1
11284,1
54908,1
27067,1
1497,1
79142,1
5685,1
55341,1
10039,1
3371,1
55775,1
84883,1
55812,1
9440,1
54884,1
1175,1
10863,1
8538,1
23338,1
9820,1
3309,1
1829,1
54960,1
8481,1
2824,1
22884,1
64848,1
51606,1
56204,1
116984,1
7175,1
1356,1
23247,1
84062,1
57102,1
6322,1
4134,1
57120,1
6098,1
57646,1
26262,1
51491,1
50484,1
608,1
55173,1
51773,1
55187,1
10659,1
23196,1
23518,1
4254,1
1161,1
11174,1
9563,1
9341,1
5982,1
57492,1
23327,1
89801,1
3074,1
79810,1
51528,1
9603,1
63933,1
25875,1
9498,1
79931,1
9564,1
84067,1
9454,1
5888,1
10721,1
5291,1
23593,1
54477,1
5652,1
80143,1
23223,1
57600,1
6307,1
55761,1
1112,1
51154,1
55850,1
83714,1
3909,1
55745,1
29945,1
9967,1
29085,1
4065,1
51742,1
10806,1
55733,1
23095,1
2296,1
25771,1
57475,1
10079,1
23201,1
84957,1
51602,1
26099,1
8454,1
10827,1
26999,1
116254,1
5610,1
57602,1
58508,1
114800,1
3700,1
54969,1
51663,1
55609,1
10886,1
54542,1
55540,1
10758,1
131566,1
6317,1
6646,1
5318,1
4438,1
639,1
57095,1
57504,1
8975,1
23200,1
3918,1
29927,1
4659,1
55718,1
493,1
9877,1
55781,1
54432,1
55706,1
84256,1
6916,1
64761,1
5832,1
5188,1
5128,1
548645,1
9150,1
8531,1
55359,1
65125,1
55749,1
2769,1
55650,1
9410,1
51660,1
30,1
6676,1
10787,1
60488,1
6433,1
10188,1
23041,1
1001,1
65056,1
1431,1
64951,1
23063,1
81671,1
10513,1
5424,1
1975,1
29998,1
56848,1
6141,1
770,1
79763,1
11338,1
29924,1
55588,1
10838,1
105373378,1
57143,1
3029,1
841,1
22998,1
55726,1
51768,1
53340,1
8839,1
50937,1
6873,1
28996,1
23534,1
4207,1
8625,1
9170,1
10147,1
6558,1
1265,1
10347,1
11218,1
53339,1
8537,1
1117,1
22904,1
5378,1
10362,1
10203,1
6882,1
23294,1
8943,1
7629,1
54887,1
2773,1
4942,1
10885,1
5586,1
57418,1
9697,1
55388,1
1606,1
2065,1
3735,1
23536,1
10954,1
55633,1
4710,1
55854,1
55248,1
51167,1
1308,1
119391,1
55176,1
7089,1
51665,1
4199,1
8621,1
10797,1
55810,1
4904,1
5141,1
5525,1
7075,1
6602,1
9682,1
4802,1
84217,1
259266,1
64834,1
27107,1
4287,1
9950,1
55631,1
51015,1
2009,1
60487,1
91283,1
55102,1
10565,1
57623,1
9650,1
2235,1
4649,1
3422,1
6672,1
1316,1
8611,1
4756,1
7132,1
9399,1
5315,1
54505,1
30836,1
7158,1
7216,1
51018,1
387,1
1659,1
5590,1
55699,1
6857,1
89795,1
3421,1
79641,1
865,1
9759,1
3430,1
63897,1
80347,1
79990,1
4205,1
55593,1
7030,1
4943,1
2182,1
3632,1
27238,1
56850,1
24140,1
55771,1
23250,1
25885,1
9741,1
55133,1
3796,1
23198,1
57560,1
22933,1
27248,1
5526,1
5837,1
57113,1
8756,1
55746,1
64710,1
55737,1
602,1
139341,1
4129,1
54626,1
483,1
4734,1
9488,1
5873,1
7353,1
4040,1
57661,1
8518,1
4925,1
27071,1
23446,1
54916,1
23293,1
10640,1
10272,1
4335,1
23210,1
5423,1
55062,1
440,1
10947,1
26986,1
10420,1
29105,1
1459,1
11099,1
8891,1
6949,1
998,1
26031,1
56852,1
490,1
9448,1
6160,1
9948,1
23161,1
79658,1
6196,1
54556,1
114049,1
6400,1
9319,1
537,1
6929,1
28951,1
51052,1
6596,1
60343,1
29894,1
140469,1
79901,1
5134,1
55117,1
51109,1
5566,1
6694,1
87,1
23503,1
84708,1
224,1
7037,1
6720,1
27125,1
7321,1
64398,1
8243,1
2011,1
3161,1
8974,1
4775,1
51095,1
6793,1
23291,1
9744,1
2121,1
51009,1
54847,1
54820,1
8907,1
5817,1
4171,1
8626,1
80216,1
3993,1
5151,1
1183,1
54475,1
6605,1
5927,1
5523,1
10979,1
5743,1
9175,1
6480,1
30009,1
8301,1
23332,1
1207,1
8463,1
8726,1
54825,1
7251,1
55421,1
489,1
11343,1
617,1
54878,1
9187,1
55205,1
3998,1
51495,1
26034,1
23140,1
2023,1
56005,1
57719,1
51175,1
54962,1
6717,1
8672,1
79023,1
55020,1
9620,1
27332,1
55972,1
29090,1
119,1
9462,1
9605,1
7587,1
4140,1
5250,1
64778,1
2355,1
285527,1
23505,1
6624,1
60,1
55034,1
5337,1
284403,1
1739,1
7879,1
55973,1
25956,1
9733,1
23016,1
22920,1
23609,1
4175,1
25996,1
10179,1
5939,1
11176,1
25930,1
4292,1
7374,1
2329,1
27252,1
113235,1
5362,1
10615,1
88455,1
7163,1
9618,1
55094,1
3385,1
22978,1
55796,1
57662,1
56949,1
9138,1
100505585,1
6813,1
5609,1
83992,1
7155,1
56889,1
4791,1
29089,1
4660,1
54431,1
2975,1
3566,1
23032,1
6626,1
56915,1
1781,1
54518,1
4034,1
143684,1
51548,1
10714,1
79960,1
203427,1
27127,1
369,1
2191,1
10529,1
55331,1
3093,1
5289,1
55728,1
57103,1
7289,1
1906,1
55063,1
27334,1
4898,1
7419,1
5108,1
57690,1
9139,1
83737,1
58476,1
51150,1
54472,1
51619,1
9984,1
51661,1
114880,1
6507,1
11262,1
8569,1
57455,1
56681,1
10411,1
29843,1
51207,1
23152,1
3991,1
5050,1
4983,1
173,1
3835,1
55604,1
5236,1
1653,1
1785,1
2037,1
8417,1
9817,1
5794,1
51006,1
131544,1
285220,1
5991,1
55183,1
23011,1
6595,1
27244,1
139212,1
10847,1
9933,1
1361,1
4850,1
5663,1
1371,1
56650,1
3320,1
5933,1
10403,1
23431,1
54665,1
260425,1
2920,1
174,1
6932,1
57092,1
55218,1
384,1
5788,1
9262,1
8555,1
22869,1
440515,1
65094,1
65985,1
9812,1
93664,1
56142,1
23239,1
55100,1
2533,1
9689,1
4200,1
905,1
57579,1
23136,1
22837,1
3776,1
56256,1
7188,1
29093,1
25929,1
4779,1
2932,1
3693,1
23085,1
7514,1
11342,1
79728,1
23033,1
594,1
7994,1
79670,1
3842,1
5026,1
22894,1
10464,1
81550,1
26747,1
23047,1
5019,1
10325,1
1540,1
25799,1
79891,1
55659,1
54807,1
9422,1
6193,1
2195,1
91746,1
25978,1
10269,1
56910,1
84273,1
3034,1
2950,1
334,1
57613,1
51729,1
8668,1
200081,1
60509,1
10890,1
2646,1
3030,1
790,1
3732,1
546,1
102157402,1
55892,1
2122,1
9522,1
5550,1
57531,1
81929,1
22911,1
57590,1
5016,1
29957,1
4216,1
57549,1
7760,1
231,1
54700,1
2017,1
4528,1
4998,1
4258,1
10523,1
55054,1
55230,1
8438,1
3301,1
2683,1
51510,1
4799,1
27292,1
51194,1
101180901,1
54749,1
29887,1
22929,1
10573,1
3049,1
80271,1
4680,1
2196,1
55696,1
10959,1
56605,1
54469,1
3294,1
55787,1
10075,1
9183,1
79796,1
4606,1
8310,1
8898,1
23645,1
51171,1
7205,1
2512,1
51593,1
581,1
51701,1
9489,1
5705,1
51720,1
55239,1
6452,1
8602,1
57544,1
51637,1
64395,1
10992,1
10059,1
51290,1
7022,1
6790,1
8544,1
28971,1
5990,1
339175,1
29929,1
4849,1
5775,1
8886,1
8570,1
55741,1
22974,1
81572,1
2036,1
6564,1
55608,1
23483,1
57017,1
64147,1
79822,1
54675,1
23368,1
8455,1
54498,1
2280,1
83959,1
25943,1
79175,1
57506,1
22803,1
55857,1
8655,1
27131,1
6128,1
8550,1
5027,1
51575,1
10741,1
51433,1
80024,1
29058,1
55184,1
84678,1
26074,1
55617,1
4938,1
10985,1
6175,1
23409,1
22895,1
55614,1
51605,1
5037,1
8315,1
10961,1
2521,1
3476,1
53827,1
55900,1
5349,1
9843,1
23415,1
23193,1
51291,1
55285,1
3902,1
8079,1
78990,1
25977,1
170961,1
55760,1
23186,1
55668,1
645,1
10558,1
10914,1
8812,1
57060,1
83719,1
51650,1
10726,1
10296,1
3383,1
6476,1
79594,1
7023,1
51324,1
26998,1
51726,1
55214,1
7066,1
2323,1
57192,1
84196,1
1947,1
16,1
2734,1
24137,1
64857,1
55763,1
54439,1
114882,1
4897,1
5172,1
1738,1
23335,1
9352,1
3568,1
54918,1
3655,1
51776,1
2271,1
55573,1
54890,1
9552,1
57084,1
51530,1
151887,1
55012,1
54930,1
1053,1
23428,1
55644,1
55072,1
23256,1
55632,1
25831,1
3183,1
11198,1
9878,1
8487,1
7051,1
26277,1
57556,1
54822,1
7301,1
79968,1
8773,1
7430,1
4637,1
63967,1
117584,1
201294,1
79157,1
7042,1
55105,1
10762,1
8318,1
51816,1
55350,1
55862,1
9209,1
9117,1
9942,1
10013,1
990,1
139596,1
8697,1
8086,1
23468,1
51430,1
4436,1
1725,1
372,1
55151,1
5711,1
23511,1
1384,1
54187,1
55357,1
55280,1
9044,1
64376,1
29760,1
7093,1
10580,1
25805,1
51322,1
1390,1
10101,1
3096,1
10321,1
2289,1
27154,1
55168,1
28978,1
3326,1
988,1
3710,1
7738,1
1832,1
23411,1
3189,1
80173,1
3717,1
3594,1
25,1
11332,1
51100,1
8317,1
5125,1
6319,1
11018,1
3983,1
79956,1
22931,1
8829,1
56952,1
54873,1
23031,1
79629,1
4650,1
57828,1
5714,1
54620,1
80270,1
9739,1
9274,1
4113,1
1153,1
4670,1
4713,1
9524,1
126353,1
283638,1
5434,1
5442,1
113177,1
4616,1
8174,1
2872,1
27037,1
84861,1
51586,1
9342,1
1399,1
6598,1
23786,1
5008,1
23523,1
83874,1
10291,1
2687,1
200312,1
23384,1
23759,1
29799,1
6634,1
23481,1
5594,1
9647,1
339665,1
8940,1
27128,1
8220,1
6576,1
157,1
50487,1
26088,1
7290,1
3956,1
89781,1
113791,1
402055,1
23598,1
24144,1
23464,1
129138,1
51386,1
85377,1
5435,1
79879,1
9681,1
9463,1
79019,1
6942,1
150274,1
56993,1
7494,1
51493,1
9929,1
25793,1
9567,1
84271,1
7078,1
9701,1
25777,1
10126,1
91289,1
25807,1
25809,1
10042,1
10043,1
638,1
3162,1
27349,1
4174,1
706,1
23170,1
6122,1
55954,1
23543,1
10454,1
84164,1
8897,1
54471,1
8542,1
4627,1
8911,1
25813,1
25828,1
8664,1
23112,1
27352,1
11020,1
4689,1
1439,1
10478,1
6767,1
9978,1
2033,1
5905,1
23264,1
84844,1
50,1
171568,1
5372,1
27351,1
9889,1
63874,1
23351,1
2287,1
56948,1
3002,1
55147,1
10419,1
11154,1
5427,1
79609,1
6655,1
5836,1
114088,1
5706,1
64841,1
1033,1
10175,1
10668,1
51382,1
55195,1
26499,1
5283,1
5684,1
10490,1
26520,1
9786,1
283578,1
161394,1
10598,1
23002,1
9517,1
79890,1
5641,1
8846,1
22938,1
3705,1
51804,1
51676,1
2079,1
3091,1
6430,1
1983,1
23405,1
79038,1
4522,1
9894,1
22990,1
623,1
51527,1
7443,1
5700,1
9252,1
55671,1
60686,1
5693,1
7528,1
22985,1
57820,1
9321,1
328,1
8106,1
394,1
51550,1
6729,1
57680,1
9692,1
80344,1
4792,1
51016,1
5721,1
84312,1
10548,1
51292,1
5411,1
5875,1
4776,1
63935,1
2937,1
26133,1
26090,1
10544,1
9837,1
958,1
55245,1
23613,1
51098,1
140902,1
55969,1
4773,1
6789,1
57167,1
23394,1
5203,1
1477,1
8480,1
7165,1
80331,1
1522,1
24148,1
51012,1
26164,1
28231,1
11083,1
54994,1
128414,1
55738,1
5753,1
54976,1
25876,1
994,1
11237,1
10139,1
79133,1
80343,1
57761,1
1457,1
8760,1
81502,1
9751,1
10483,1
55612,1
9777,1
23509,1
25939,1
57144,1
140699,1
10528,1
63905,1
3420,1
22919,1
182,1
51654,1
9675,1
1869,1
58490,1
128866,1
1471,1
10406,1
26051,1
10816,1
81610,1
60625,1
116092,1
7125,1
10005,1
57136,1
9658,1
22850,1
79863,1
9097,1
9218,1
64863,1
9663,1
8736,1
10627,1
79959,1
55125,1
8731,1
4092,1
9388,1
54941,1
23253,1
11201,1
57534,1
5932,1
8780,1
1478,1
5716,1
115201,1
6907,1
10857,1
5422,1
4281,1
79576,1
55916,1
56180,1
9949,1
64743,1
8406,1
10735,1
286410,1
2158,1
6855,1
5355,1
5358,1
140462,1
9016,1
11040,1
7355,1
10084,1
6247,1
2010,1
6901,1
5230,1
84061,1
6611,1
8411,1
6102,1
9767,1
5127,1
8237,1
27336,1
7076,1
56062,1
2564,1
5303,1
5935,1
11279,1
27286,1
94121,1
2491,1
2717,1
259232,1
54602,1
10673,1
22862,1
81602,1
81617,1
688,1
8428,1
5611,1
55757,1
2254,1
143,1
55578,1
10240,1
3839,1
23078,1
160851,1
84056,1
26512,1
730249,1
79758,1
8848,1
1203,1
10232,1
23295,1
23361,1
8717,1
5595,1
79767,1
5257,1
57149,1
10204,1
9688,1
80152,1
55815,1
10725,1
83752,1
23568,1
1723,1
10664,1
65057,1
5432,1
50855,1
55565,1
79650,1
80777,1
5713,1
55238,1
3038,1
79613,1
25839,1
84138,1
9057,1
23659,1
80004,1
79152,1
22879,1
54985,1
4350,1
83693,1
9013,1
9717,1
23406,1
26048,1
4363,1
64428,1
1186,1
10273,1
4682,1
7329,1
4210,1
1428,1
29904,1
6650,1
9780,1
2935,1
7727,1
23059,1
56061,1
124454,1
6923,1
55313,1
3163,1
9093,1
51283,1
5934,1
64131,1
23322,1
4150,1
6810,1
10423,1
50615,1
79838,1
9738,1
57020,1
9810,1
400506,1
366,1
79719,1
64799,1
114294,1
1445,1
9325,1
8120,1
64927,1
80381,1
2184,1
26015,1
9455,1
30844,1
25963,1
64397,1
22995,1
79895,1
56986,1
9333,1
2553,1
90427,1
23312,1
55192,1
8669,1
80208,1
171177,1
57617,1
11339,1
26258,1
23678,1
100533105,1
5157,1
79848,1
55290,1
23087,1
79752,1
6101,1
107984125,1
7976,1
55756,1
8767,1
2138,1
4683,1
1666,1
54928,1
6422,1
55353,1
55284,1
10940,1
79815,1
3551,1
5327,1
9694,1
54845,1
10397,1
51101,1
3574,1
55156,1
7227,1
6674,1
54108,1
64089,1
51366,1
79792,1
7264,1
65263,1
63898,1
55174,1
90459,1
23516,1
66036,1
10671,1
2936,1
8797,1
5516,1
9639,1
54758,1
4173,1
54793,1
427,1
665,1
4125,1
3783,1
4924,1
27294,1
2997,1
11184,1
1891,1
3191,1
4793,1
54938,1
6625,1
1209,1
5971,1
11129,1
2217,1
55011,1
23370,1
10848,1
2068,1
84444,1
10535,1
951,1
8175,1
27120,1
4066,1
4946,1
55621,1
8677,1
2208,1
1760,1
81492,1
79735,1
259307,1
79816,1
81576,1
53635,1
4858,1
6449,1
10859,1
107987461,1
81857,1
11024,1
6618,1
28974,1
10469,1
729440,1
9466,1
55723,1
51231,1
26017,1
22870,1
84167,1
9441,1
64926,1
10270,1
79744,1
85360,1
23581,1
9141,1
6217,1
92609,1
9149,1
2821,1
208,1
23646,1
51588,1
9253,1
10148,1
55702,1
1155,1
5438,1
6510,1
25865,1
58509,1
26093,1
11100,1
51343,1
27113,1
55101,1
10226,1
973,1
3386,1
6223,1
29997,1
4818,1
7087,1
2109,1
29086,1
7297,1
11140,1
8775,1
10567,1
1954,1
10945,1
9266,1
83743,1
23546,1
93233,1
22900,1
3978,1
7728,1
8605,1
3036,1
9545,1
1628,1
374882,1
54854,1
54922,1
26291,1
57664,1
5518,1
30000,1
2639,1
1777,1
79165,1
26121,1
29844,1
3718,1
6142,1
3780,1
5296,1
5864,1
51477,1
8178,1
11316,1
54555,1
2116,1
93436,1
10430,1
4099,1
51599,1
79036,1
23770,1
57794,1
7561,1
80714,1
2931,1
57130,1
23094,1
7639,1
23474,1
199731,1
56006,1
23080,1
79846,1
9512,1
27000,1
7980,1
10282,1
10135,1
221830,1
5445,1
3696,1
26959,1
11062,1
6671,1
29062,1
79872,1
136319,1
256227,1
401312,1
5764,1
51678,1
1687,1
56829,1
79989,1
4967,1
64111,1
94239,1
857,1
4233,1
140545,1
64327,1
3198,1
3199,1
3202,1
3203,1
221927,1
23288,1
56311,1
23554,1
6742,1
79974,1
11112,1
8887,1
54504,1
83451,1
55033,1
84725,1
10392,1
2617,1
2051,1
84182,1
835,1
51142,1
6369,1
3315,1
11333,1
8896,1
26024,1
7586,1
8662,1
29886,1
6878,1
8976,1
23553,1
7965,1
64598,1
26261,1
55131,1
84132,1
3614,1
3268,1
23658,1
5054,1
8985,1
6119,1
10467,1
113263,1
9678,1
54664,1
2146,1
643641,1
4232,1
57037,1
653857,1
11281,1
27075,1
196,1
54927,1
26157,1
2737,1
5683,1
64983,1
55744,1
55665,1
55069,1
6009,1
51422,1
5425,1
9275,1
10652,1
26608,1
55064,1
6505,1
2218,1
83856,1
10927,1
54981,1
23731,1
1955,1
9830,1
7464,1
7046,1
10952,1
1842,1
7091,1
64420,1
203,1
55664,1
55848,1
54662,1
57589,1
23081,1
23189,1
1993,1
8939,1
10488,1
23586,1
8721,1
169792,1
573,1
2889,1
56654,1
320,1
20,1
6461,1
54926,1
51104,1
51010,1
7763,1
9124,1
54619,1
2625,1
3257,1
5264,1
83937,1
23268,1
22841,1
8661,1
1787,1
79009,1
11196,1
11101,1
54780,1
59338,1
27143,1
64115,1
10367,1
5532,1
54462,1
657,1
59,1
81855,1
81621,1
2253,1
80351,1
8729,1
57584,1
22849,1
79176,1
79004,1
22852,1
91452,1
64077,1
23185,1
23560,1
26098,1
56647,1
9148,1
10531,1
79991,1
1326,1
22943,1
54906,1
7511,1
9126,1
8036,1
7019,1
8030,1
8453,1
27338,1
6158,1
57178,1
56521,1
10105,1
64081,1
81619,1
23232,1
25984,1
1411,1
57532,1
6143,1
84961,1
7343,1
1440,1
5709,1
22794,1
51195,1
8787,1
100507002,1
54894,1
7473,1
101929777,1
5889,1
9110,1
4591,1
79665,1
3837,1
9570,1
55163,1
80279,1
10951,1
9400,1
9487,1
2584,1
57508,1
9969,1
3216,1
2027,1
5216,1
26001,1
8402,1
1145,1
10743,1
4927,1
642,1
1362,1
9527,1
51003,1
1819,1
117246,1
11216,1
218,1
6603,1
3384,1
27077,1
55813,1
1655,1
64149,1
5717,1
3959,1
40,1
6347,1
5193,1
5878,1
4669,1
6945,1
8506,1
51225,1
2145,1
84687,1
1277,1
100885850,1
51264,1
10493,1
55379,1
8153,1
10014,1
51747,1
5539,1
1845,1
9343,1
7531,1
23531,1
29098,1
1801,1
5608,1
26118,1
9368,1
26151,1
54868,1
7126,1
90410,1
27346,1
30850,1
6830,1
83871,1
57649,1
55161,1
2798,1
57606,1
23142,1
64854,1
6783,1
54959,1
26511,1
57482,1
8649,1
4790,1
4126,1
7323,1
1998,1
4717,1
23158,1
27309,1
8821,1
2549,1
6164,1
11199,1
80273,1
54433,1
2483,1
1182,1
51809,1
1665,1
51091,1
56606,1
55294,1
55247,1
55296,1
7468,1
152503,1
57620,1
579,1
9693,1
3083,1
83891,1
55805,1
55325,1
51274,1
51088,1
64151,1
7358,1
10891,1
29118,1
1410,1
10553,1
1075,1
91057,1
26610,1
23788,1
23360,1
6309,1
79864,1
3312,1
4013,1
3338,1
29907,1
9404,1
23220,1
23130,1
5007,1
83480,1
28960,1
51111,1
55572,1
55291,1
6484,1
595,1
79080,1
27339,1
79073,1
10612,1
26973,1
25906,1
2352,1
24145,1
9828,1
116519,1
50862,1
57562,1
1982,1
374378,1
329,1
9354,1
1656,1
867,1
5818,1
10114,1
8050,1
29099,1
84680,1
4192,1
55626,1
8567,1
79829,1
833,1
5002,1
54733,1
55553,1
9600,1
6207,1
9049,1
4928,1
4728,1
10312,1
1119,1
23086,1
11234,1
2965,1
5715,1
10536,1
8496,1
25766,1
969,1
11108,1
9976,1
84274,1
6404,1
23603,1
65981,1
83892,1
4891,1
9761,1
4598,1
81566,1
10645,1
51411,1
51561,1
506,1
10728,1
65117,1
3875,1
23371,1
2735,1
57460,1
10988,1
4048,1
2004,1
55110,1
55846,1
2305,1
5554,1
11272,1
100533464,1
57097,1
10094,1
51184,1
51699,1
10635,1
10566,1
54682,1
80824,1
1389,1
80724,1
1027,1
80018,1
83445,1
6337,1
4055,1
79676,1
8099,1
4940,1
4939,1
420,1
4256,1
397,1
2967,1
1967,1
57696,1
81539,1
79785,1
8909,1
79794,1
2054,1
23329,1
55832,1
55801,1
5869,1
56890,1
57122,1
4848,1
8914,1
11103,1
51258,1
2597,1
4839,1
1108,1
23074,1
50813,1
51147,1
83461,1
8078,1
79158,1
1822,1
113246,1
5777,1
10162,1
51559,1
339,1
64426,1
51026,1
3945,1
5564,1
50856,1
9847,1
57379,1
11021,1
1911,1
1337,1
55188,1
8683,1
26127,1
3820,1
1303,1
10384,1
51567,1
2444,1
29940,1
51389,1
345895,1
4117,1
51522,1
55003,1
57150,1
63914,1
4739,1
387119,1
84830,1
25842,1
254394,1
79632,1
8732,1
4121,1
57515,1
51020,1
135114,1
135112,1
9750,1
23328,1
10090,1
26271,1
54516,1
5467,1
4988,1
2178,1
1432,1
11329,1
6428,1
6648,1
29074,1
3605,1
4172,1
9025,1
22858,1
9308,1
23195,1
55776,1
60468,1
9532,1
51715,1
26235,1
892,1
1871,1
7803,1
10973,1
1297,1
9439,1
8936,1
8876,1
55856,1
60682,1
6206,1
81688,1
51053,1
2070,1
8724,1
10475,1
5191,1
9896,1
64065,1
57221,1
117247,1
51696,1
57211,1
7957,1
7922,1
51596,1
135138,1
9444,1
168090,1
4188,1
7942,1
896,1
705,1
6908,1
23506,1
51069,1
6722,1
10591,1
56940,1
55770,1
1347,1
55754,1
2762,1
26054,1
3617,1
7422,1
8899,1
7272,1
11120,1
55603,1
9450,1
4224,1
55914,1
56133,1
23438,1
83594,1
55722,1
4124,1
11044,1
2690,1
3157,1
1611,1
8382,1
10902,1
10112,1
23530,1
10884,1
3313,1
23107,1
5201,1
1839,1
4015,1
3003,1
10307,1
55374,1
3550,1
3156,1
10087,1
23197,1
56129,1
57396,1
26762,1
3702,1
55819,1
54974,1
411,1
7060,1
57472,1
3593,1
7265,1
4437,1
900,1
4001,1
57561,1
64083,1
10923,1
83989,1
28965,1
6897,1
50805,1
4012,1
5144,1
55299,1
5618,1
10723,1
3565,1
10111,1
3567,1
7903,1
10007,1
51294,1
6500,1
9631,1
5515,1
2908,1
56951,1
23398,1
3977,1
373,1
80006,1
735,1
10802,1
79770,1
23548,1
5917,1
23286,1
10915,1
1809,1
4090,1
1452,1
22993,1
57222,1
8992,1
662,1
8614,1
80315,1
23567,1
90249,1
1962,1
10051,1
58515,1
93973,1
55171,1
51300,1
51185,1
604,1
84100,1
27031,1
942,1
51421,1
56954,1
26355,1
4968,1
3836,1
5096,1
7337,1
25852,1
80321,1
55186,1
9616,1
7029,1
54464,1
590,1
5276,1
11235,1
7474,1
1294,1
5576,1
3280,1
7375,1
107986084,1
23527,1
1894,1
2771,1
10342,1
10641,1
6152,1
11068,1
868,1
56987,1
55081,1
59345,1
11148,1
84223,1
2632,1
7372,1
22916,1
79669,1
523,1
7348,1
23276,1
79858,1
11222,1
57088,1
51409,1
1154,1
7867,1
93,1
57599,1
51122,1
64689,1
9136,1
10057,1
13,1
84836,1
10289,1
100526760,1
26084,1
54800,1
6747,1
92999,1
7134,1
4820,1
1181,1
27086,1
1981,1
54891,1
1933,1
8745,1
1716,1
55233,1
81562,1
150465,1
3552,1
6364,1
200576,1
4691,1
10120,1
80255,1
10096,1
57669,1
51639,1
51277,1
10254,1
2820,1
9595,1
90,1
85461,1
2976,1
8890,1
29959,1
64838,1
3676,1
10213,1
9784,1
51130,1
5496,1
5136,1
92840,1
54760,1
2641,1
10297,1
64135,1
6209,1
25801,1
83444,1
64427,1
374291,1
84759,1
2888,1
550,1
57142,1
27429,1
1796,1
2591,1
56655,1
55704,1
33,1
9801,1
10314,1
84128,1
2202,1
55120,1
2335,1
6772,1
64895,1
1768,1
25972,1
84173,1
9736,1
80303,1
10575,1
23301,1
80219,1
23451,1
8869,1
9486,1
79031,1
25843,1
3336,1
55818,1
51652,1
7701,1
7850,1
53632,1
3554,1
8807,1
79083,1
27013,1
80146,1
10058,1
8576,1
5510,1
23178,1
10494,1
3398,1
9014,1
3241,1
4953,1
57448,1
79954,1
55041,1
26003,1
6801,1
10153,1
23683,1
80067,1
25797,1
22930,1
8604,1
1746,1
1615,1
6432,1
5334,1
6509,1
6654,1
8942,1
7456,1
4999,1
9167,1
56902,1
5000,1
1386,1
63892,1
66008,1
54980,1
7072,1
51449,1
1820,1
7341,1
65977,1
6697,1
2043,1
10056,1
607,1
1718,1
23341,1
79906,1
27101,1
55103,1
9731,1
9917,1
127428,1
9528,1
7827,1
23463,1
5768,1
6814,1
148479,1
57535,1
6429,1
51102,1
80267,1
79084,1
515,1
3065,1
829,1
64766,1
127544,1
10067,1
55870,1
6421,1
54856,1
28956,1
4209,1
85440,1
6723,1
81563,1
54823,1
9829,1
3953,1
10625,1
9927,1
10216,1
60672,1
9887,1
4688,1
23169,1
5321,1
1647,1
7799,1
5997,1
6738,1
270,1
51377,1
10286,1
9295,1
1491,1
56944,1
10878,1
1429,1
10745,1
7709,1
965,1
8458,1
252839,1
54936,1
10352,1
127700,1
64960,1
149371,1
8443,1
7257,1
54955,1
64121,1
3964,1
4548,1
4610,1
8564,1
127396,1
10000,1
2117,1
34,1
6390,1
4237,1
80135,1
10765,1
6675,1
81569,1
1486,1
5999,1
117178,1
54680,1
26279,1
5929,1
2635,1
2633,1
8934,1
2582,1
3399,1
4179,1
9129,1
64175,1
6513,1
991,1
9670,1
533,1
79033,1
10327,1
5052,1
8503,1
10103,1
8548,1
10560,1
387338,1
50999,1
1810,1
23215,1
2152,1
5825,1
8674,1
51611,1
7292,1
9588,1
55157,1
3664,1
27042,1
25949,1
57035,1
23443,1
55758,1
4751,1
6195,1
79947,1
29937,1
25936,1
8289,1
1063,1
6118,1
5511,1
23673,1
51060,1
57488,1
10849,1
23184,1
10274,1
6794,1
4297,1
56912,1
11133,1
6230,1
9928,1
7139,1
83479,1
23271,1
22926,1
55686,1
7141,1
22868,1
8828,1
1385,1
8609,1
9331,1
55259,1
9789,1
57558,1
9994,1
9324,1
81573,1
23469,1
84085,1
7128,1
9465,1
10981,1
4602,1
81847,1
1490,1
26234,1
80306,1
9194,1
10329,1
80264,1
64858,1
103910,1
2309,1
84071,1
6185,1
118427,1
5311,1
8987,1
10983,1
5918,1
64747,1
25782,1
29855,1
7347,1
27253,1
60526,1
57539,1
894,1
22936,1
56171,1
57404,1
4709,1
9330,1
7320,1
140803,1
9615,1
687,1
9414,1
9270,1
51692,1
205564,1
84886,1
55127,1
9991,1
5887,1
23307,1
8727,1
54942,1
89891,1
6418,1
5524,1
2733,1
51552,1
11064,1
22954,1
26190,1
26147,1
10783,1
5537,1
81932,1
92400,1
84263,1
79109,1
8013,1
27130,1
57706,1
85365,1
2531,1
9525,1
148223,1
56252,1
26094,1
338917,1
83982,1
80127,1
91754,1
97,1
10577,1
83544,1
64207,1
55640,1
5826,1
1743,1
7043,1
79696,1
81892,1
58517,1
4329,1
8892,1
55051,1
51004,1
57862,1
23433,1
9913,1
114818,1
54867,1
54454,1
2281,1
64225,1
51646,1
25940,1
84272,1
54812,1
29094,1
25927,1
53335,1
9419,1
4072,1
26503,1
79627,1
55719,1
3416,1
83401,1
3437,1
3433,1
51076,1
84795,1
4601,1
10285,1
80007,1
26123,1
60370,1
55717,1
79591,1
159686,1
2805,1
3213,1
1843,1
79646,1
4488,1
79886,1
79817,1
3641,1
29126,1
25902,1
84918,1
57480,1
84418,1
54853,1
56126,1
56122,1
63931,1
91687,1
8995,1
89866,1
92344,1
6950,1
83887,1
399979,1
79684,1
51248,1
84068,1
84955,1
56943,1
84930,1
84898,1
80314,1
440073,1
84318,1
6883,1
8600,1
9617,1
54937,1
80209,1
51569,1
11193,1
1997,1
10808,1
84078,1
29880,1
11340,1
2107,1
7045,1
51307,1
64374,1
51247,1
51780,1
1958,1
27230,1
5357,1
22835,1
7112,1
400,1
80298,1
8835,1
4801,1
51019,1
317,1
1846,1
1191,1
8795,1
2185,1
148,1
2053,1
81790,1
23435,1
51123,1
10434,1
10987,1
157506,1
8288,1
8165,1
8161,1
7706,1
59342,1
6909,1
10237,1
56155,1
81558,1
23397,1
9227,1
23240,1
84057,1
85320,1
64282,1
113,1
84902,1
79912,1
55269,1
256051,1
23024,1
6045,1
81627,1
1475,1
55211,1
8702,1
80218,1
941,1
81930,1
51029,1
1408,1
9409,1
847,1
2700,1
64786,1
576,1
51538,1
10657,1
55116,1
84265,1
8743,1
51193,1
5290,1
23244,1
80008,1
11019,1
3208,1
55791,1
23155,1
79712,1
7852,1
84083,1
92,1
51426,1
6144,1
219402,1
2971,1
387496,1
5412,1
130916,1
7512,1
5047,1
57179,1
1314,1
51744,1
4063,1
29066,1
84947,1
311,1
54537,1
7755,1
6125,1
57489,1
5737,1
54482,1
84146,1
343099,1
79871,1
80148,1
27241,1
5395,1
989,1
80820,1
55975,1
64224,1
11335,1
3181,1
84668,1
3624,1
11328,1
51251,1
10124,1
27434,1
55234,1
92014,1
1211,1
8434,1
48,1
79269,1
57670,1
8805,1
78996,1
6718,1
5328,1
5552,1
9469,1
80114,1
55847,1
1959,1
11319,1
5033,1
8034,1
11130,1
9559,1
9904,1
11113,1
28981,1
35,1
79039,1
1031,1
26994,1
11228,1
79365,1
3709,1
64168,1
11059,1
23597,1
10212,1
79002,1
976,1
84292,1
10755,1
83446,1
57213,1
84650,1
540,1
23091,1
57486,1
64105,1
10133,1
466,1
10102,1
64333,1
3071,1
4327,1
5204,1
65244,1
29095,1
1017,1
3227,1
60673,1
4778,1
64375,1
23583,1
10376,1
25895,1
55709,1
6491,1
3598,1
262,1
29078,1
85015,1
9643,1
158983,1
139231,1
9367,1
79828,1
79809,1
100506124,1
9111,1
7130,1
130399,1
29994,1
9926,1
55509,1
50486,1
3759,1
5393,1
81579,1
80776,1
79934,1
5208,1
722,1
23682,1
27161,1
10608,1
1164,1
164781,1
2181,1
79586,1
23549,1
3623,1
23363,1
6560,1
4159,1
116151,1
5266,1
200232,1
90203,1
6590,1
140686,1
79183,1
3787,1
57468,1
343578,1
6385,1
8202,1
51604,1
57727,1
9217,1
84612,1
514,1
84181,1
5335,1
6431,1
57169,1
57403,1
6780,1
27304,1
8675,1
56937,1
55905,1
55661,1
55653,1
60598,1
5105,1
81030,1
140825,1
79072,1
5184,1
7499,1
10617,1
55577,1
84693,1
400961,1
11017,1
10199,1
10396,1
23326,1
79177,1
7596,1
27076,1
4693,1
8239,1
55809,1
10385,1
23408,1
57380,1
56897,1
88745,1
6631,1
6568,1
5269,1
57510,1
89845,1
3007,1
4835,1
222643,1
57505,1
3024,1
346157,1
6204,1
4337,1
8970,1
9477,1
6903,1
6954,1
9587,1
27232,1
107080644,1
1769,1
54210,1
1026,1
6659,1
2739,1
6745,1
83732,1
51000,1
10799,1
6310,1
9972,1
7913,1
9521,1
860,1
2069,1
10647,1
79026,1
51066,1
7471,1
54436,1
23019,1
26231,1
583,1
4502,1
171425,1
84899,1
5911,1
10257,1
9375,1
78995,1
3659,1
65109,1
7737,1
23157,1
4694,1
27109,1
652,1
8603,1
2868,1
6662,1
9953,1
399512,1
51081,1
23163,1
79637,1
79902,1
60386,1
57409,1
30833,1
7270,1
9329,1
64794,1
54776,1
79143,1
6725,1
79025,1
3553,1
84269,1
51141,1
84172,1
23550,1
79085,1
2962,1
8192,1
8744,1
57187,1
5469,1
9349,1
84938,1
970,1
718,1
10045,1
9322,1
56927,1
8740,1
2354,1
6633,1
6253,1
24139,1
7408,1
8189,1
56261,1
27111,1
100528031,1
80025,1
64412,1
63908,1
1059,1
92675,1
10616,1
56255,1
140901,1
6628,1
80023,1
55317,1
6238,1
7692,1
23767,1
58495,1
8195,1
631,1
11034,1
6629,1
92667,1
164312,1
128637,1
3704,1
84515,1
83541,1
64949,1
56926,1
10236,1
80818,1
4149,1
100529261,1
64860,1
8200,1
63941,1
3397,1
22913,1
83658,1
8894,1
51614,1
140823,1
11190,1
5326,1
101410538,1
2925,1
8242,1
11070,1
5690,1
7389,1
6487,1
79639,1
79654,1
3831,1
7517,1
10426,1
55795,1
79414,1
826,1
84306,1
79171,1
10054,1
10870,1
1340,1
9572,1
83786,1
25824,1
83596,1
3661,1
3276,1
6237,1
5639,1
58506,1
57479,1
435,1
51119,1
1446,1
6779,1
6776,1
8678,1
10131,1
84662,1
84081,1
22826,1
2537,1
171017,1
10436,1
8409,1
10245,1
64430,1
22863,1
3895,1
57381,1
9787,1
112849,1
22890,1
57570,1
81537,1
26030,1
55288,1
2123,1
55112,1
8021,1
5605,1
3188,1
821,1
64768,1
83744,1
59269,1
79717,1
1907,1
64919,1
1350,1
7186,1
79575,1
84239,1
92797,1
5908,1
144453,1
117177,1
8089,1
50832,1
155051,1
65999,1
3425,1
53834,1
84286,1
79000,1
54850,1
23065,1
23352,1
50809,1
23309,1
10975,1
9088,1
84219,1
23030,1
148022,1
84190,1
27190,1
83460,1
79066,1
7277,1
14,1
25953,1
55504,1
6049,1
10142,1
7979,1
10875,1
51657,1
79689,1
2770,1
5189,1
7978,1
8910,1
84060,1
163131,1
7538,1
79644,1
10606,1
5471,1
85378,1
79924,1
85359,1
54487,1
57168,1
29802,1
7533,1
135,1
468,1
11135,1
4357,1
7263,1
23780,1
3976,1
84645,1
26150,1
3872,1
51234,1
92521,1
51200,1
9732,1
25913,1
9296,1
51691,1
222256,1
79706,1
100630923,1
7425,1
57464,1
4289,1
4189,1
813,1
3663,1
23008,1
4698,1
6183,1
4430,1
10651,1
1123,1
2571,1
64172,1
94101,1
8520,1
57045,1
58504,1
57705,1
440275,1
55930,1
146057,1
80237,1
90416,1
54617,1
79664,1
8854,1
54629,1
90417,1
1854,1
79094,1
54982,1
10776,1
54832,1
56906,1
25847,1
8930,1
1315,1
25870,1
60559,1
8424,1
26297,1
79733,1
1635,1
6665,1
54478,1
84268,1
6462,1
5338,1
968,1
84817,1
9513,1
9526,1
51105,1
23639,1
904,1
83448,1
65095,1
3609,1
57153,1
1032,1
57509,1
25983,1
11035,1
84932,1
599,1
84962,1
112487,1
10038,1
25938,1
3169,1
55837,1
112399,1
55320,1
4901,1
4738,1
1603,1
7011,1
7905,1
79649,1
9070,1
80185,1
417,1
1028,1
151648,1
83855,1
83475,1
23383,1
25759,1
8226,1
55780,1
27112,1
6303,1
54552,1
23677,1
51295,1
3949,1
84337,1
26526,1
5589,1
51337,1
348,1
10452,1
10912,1
57631,1
59272,1
25873,1
148229,1
84705,1
684,1
376497,1
55695,1
83878,1
79709,1
79016,1
64981,1
25796,1
51690,1
56995,1
84816,1
55278,1
51250,1
83861,1
4298,1
81,1
65975,1
4705,1
55201,1
9997,1
170463,1
9518,1
54858,1
80726,1
25804,1
3727,1
157922,1
10422,1
140700,1
4046,1
375775,1
10298,1
26152,1
64793,1
11047,1
445,1
23404,1
10585,1
84726,1
84326,1
78992,1
1968,1
54958,1
23211,1
9535,1
4294,1
27237,1
57470,1
83667,1
27293,1
93974,1
54797,1
6249,1
57693,1
56342,1
8666,1
83854,1
1786,1
79088,1
1736,1
1852,1
55422,1
7776,1
4037,1
91574,1
25926,1
10277,1
54897,1
5638,1
7317,1
353497,1
85313,1
80328,1
79465,1
9113,1
54869,1
25980,1
9584,1
60401,1
2670,1
529,1
7770,1
7700,1
1327,1
5119,1
6451,1
1349,1
6569,1
80758,1
10487,1
5538,1
51132,1
93323,1
64432,1
26061,1
23180,1
64145,1
117248,1
6533,1
8572,1
11127,1
9945,1
7283,1
10197,1
6155,1
29893,1
47,1
84313,1
4695,1
54882,1
1729,1
80762,1
60412,1
54991,1
8500,1
79228,1
84231,1
4814,1
3597,1
54521,1
84240,1
3885,1
84951,1
7153,1
10948,1
9557,1
8799,1
2330,1
10401,1
5565,1
64087,1
57343,1
7691,1
55829,1
6627,1
55145,1
83636,1
91442,1
55860,1
2643,1
3958,1
79883,1
3337,1
65249,1
84261,1
5989,1
7568,1
90379,1
83546,1
6737,1
54558,1
10489,1
10693,1
22907,1
5894,1
84824,1
51478,1
55556,1
23647,1
1262,1
10346,1
23378,1
26515,1
23167,1
55037,1
10989,1
51318,1
80895,1
8864,1
10267,1
51540,1
5901,1
5562,1
84674,1
23277,1
51763,1
10514,1
6117,1
7326,1
60678,1
57533,1
85013,1
51805,1
25957,1
23480,1
55915,1
2926,1
10117,1
26057,1
57050,1
23558,1
3021,1
85451,1
91107,1
9406,1
1984,1
1742,1
10247,1
157680,1
84105,1
6388,1
2319,1
26284,1
54496,1
51388,1
7014,1
27183,1
63926,1
64773,1
22903,1
5111,1
29107,1
10621,1
54453,1
57127,1
22889,1
10763,1
9826,1
50717,1
23208,1
3508,1
9633,1
25974,1
1802,1
4678,1
4595,1
56259,1
64900,1
140831,1
128434,1
51526,1
10955,1
5509,1
29958,1
23743,1
8546,1
84327,1
10207,1
163782,1
6860,1
8170,1
79363,1
842,1
51164,1
51761,1
9205,1
10208,1
51371,1
1024,1
241,1
1131,1
4628,1
10400,1
6341,1
23164,1
1116,1
5287,1
25778,1
1118,1
254428,1
9911,1
57511,1
122042,1
94240,1
7223,1
10631,1
5994,1
7178,1
55425,1
161003,1
5983,1
79710,1
54885,1
84787,1
84330,1
23640,1
1455,1
84250,1
55748,1
28992,1
54663,1
85329,1
10313,1
5920,1
54979,1
123811,1
84246,1
23037,1
22880,1
114904,1
55303,1
23608,1
84626,1
57180,1
4922,1
694,1
84125,1
91298,1
84332,1
83857,1
3845,1
10526,1
51520,1
85444,1
1875,1
29080,1
23075,1
406,1
10894,1
272,1
81846,1
3295,1
56154,1
51669,1
79845,1
5977,1
4221,1
11161,1
80017,1
57578,1
8650,1
55237,1
51241,1
10001,1
1965,1
4017,1
157310,1
27299,1
9811,1
8932,1
51124,1
92259,1
891,1
1022,1
4064,1
3656,1
25917,1
7428,1
8553,1
55207,1
4212,1
89978,1
79768,1
56851,1
2780,1
83998,1
84722,1
3158,1
26191,1
7482,1
5738,1
10542,1
11085,1
10390,1
9398,1
79679,1
10717,1
8774,1
51535,1
377,1
79022,1
54407,1
10971,1
9475,1
91543,1
129607,1
3939,1
6289,1
3572,1
10468,1
79577,1
10440,1
6210,1
4677,1
57614,1
84893,1
84991,1
54522,1
902,1
85019,1
284252,1
91768,1
2012,1
3824,1
80763,1
1643,1
53,1
8933,1
51765,1
4544,1
9698,1
90853,1
8565,1
1912,1
55143,1
29889,1
192670,1
51361,1
1573,1
91408,1
23318,1
84950,1
1824,1
1830,1
55250,1
1825,1
25941,1
29015,1
26519,1
9704,1
9415,1
746,1
6947,1
27202,1
9575,1
5156,1
1284,1
9071,1
337867,1
55082,1
54841,1
2073,1
100533467,1
7174,1
79070,1
79587,1
3703,1
56,1
219855,1
9315,1
134430,1
26578,1
55312,1
29979,1
60560,1
301,1
23287,1
51280,1
29968,1
81689,1
84868,1
79616,1
51347,1
6926,1
8638,1
84900,1
5025,1
92558,1
10906,1
9988,1
79161,1
57639,1
85025,1
50640,1
29923,1
84691,1
60561,1
26136,1
29969,1
25821,1
22881,1
80759,1
22832,1
10492,1
57231,1
55122,1
23595,1
167691,1
6885,1
79899,1
55226,1
26298,1
2001,1
79056,1
4076,1
967,1
9840,1
5959,1
116986,1
1019,1
10024,1
7024,1
9924,1
9700,1
3855,1
84872,1
3178,1
91,1
10956,1
4284,1
84946,1
8763,1
246269,1
57224,1
54806,1
23493,1
5570,1
6610,1
8676,1
7006,1
10505,1
10574,1
8291,1
84865,1
27345,1
9958,1
2799,1
1368,1
4193,1
53630,1
10200,1
9764,1
55336,1
29109,1
183,1
100533111,1
80003,1
3775,1
9816,1
54583,1
22796,1
23456,1
84284,1
27097,1
6041,1
1660,1
9857,1
80896,1
116496,1
5279,1
3915,1
149041,1
3431,1
65080,1
55619,1
9654,1
57695,1
80704,1
5270,1
3300,1
64114,1
9470,1
80210,1
51719,1
1329,1
51455,1
80705,1
84804,1
55654,1
10913,1
9648,1
64965,1
79074,1
375248,1
26122,1
23479,1
55576,1
55681,1
10970,1
10154,1
55198,1
11137,1
55332,1
23325,1
84102,1
2317,1
4752,1
79621,1
26586,1
11061,1
9882,1
55901,1
79866,1
8803,1
55213,1
29079,1
51131,1
83548,1
8796,1
9445,1
10253,1
55270,1
1102,1
3936,1
83852,1
79020,1
64759,1
55501,1
10643,1
10457,1
9771,1
5879,1
11014,1
11097,1
3569,1
55146,1
28969,1
1607,1
9238,1
3364,1
83605,1
64005,1
80727,1
27141,1
91875,1
85446,1
10588,1
3658,1
10518,1
10241,1
55316,1
4836,1
6426,1
7716,1
51204,1
55852,1
10238,1
80774,1
83990,1
11143,1
64108,1
86,1
4711,1
57129,1
6434,1
6326,1
64844,1
57471,1
6332,1
640,1
6498,1
2058,1
11311,1
51133,1
26750,1
56300,1
84639,1
55627,1
55339,1
84317,1
274,1
92856,1
56886,1
2995,1
8027,1
10006,1
10730,1
64215,1
25934,1
56262,1
1025,1
7295,1
4957,1
23392,1
51759,1
10592,1
1861,1
9649,1
64855,1
7111,1
153090,1
6812,1
55755,1
7539,1
1318,1
1317,1
7099,1
7743,1
55014,1
9128,1
10868,1
9550,1
54881,1
54534,1
158427,1
5695,1
51531,1
10244,1
2800,1
7507,1
4686,1
10541,1
5082,1
11224,1
1515,1
4010,1
81873,1
79075,1
79139,1
4609,1
4856,1
90865,1
26953,1
64425,1
9373,1
55833,1
54840,1
152006,1
7094,1
25822,1
26206,1
11258,1
51754,1
219,1
84681,1
55667,1
6194,1
10695,1
116113,1
51645,1
7746,1
5292,1
23070,1
7020,1
25844,1
81853,1
55362,1
10817,1
93643,1
3062,1
9856,1
3662,1
63027,1
55227,1
8521,1
8737,1
347733,1
84300,1
6941,1
10211,1
8870,1
9656,1
7172,1
255488,1
11270,1
57176,1
129685,1
51439,1
347744,1
9982,1
132864,1
85462,1
83894,1
9873,1
11309,1
5612,1
338699,1
10068,1
4926,1
60492,1
27314,1
5547,1
79731,1
55298,1
29088,1
7274,1
8836,1
81796,1
96764,1
6386,1
4750,1
55601,1
6653,1
56649,1
84811,1
7225,1
4316,1
9313,1
85016,1
84259,1
10413,1
2542,1
25833,1
5962,1
5519,1
2230,1
64776,1
4322,1
834,1
91801,1
58472,1
51496,1
79811,1
7057,1
23005,1
51203,1
51103,1
9493,1
57082,1
55142,1
23168,1
56965,1
6176,1
54839,1
55177,1
3706,1
55075,1
4091,1
80021,1
56924,1
106821730,1
102,1
54816,1
51187,1
2644,1
8412,1
79739,1
54874,1
56267,1
2959,1
5876,1
10964,1
54810,1
9635,1
1629,1
8634,1
26160,1
3032,1
5495,1
87178,1
51626,1
80745,1
1545,1
391365,1
5861,1
10097,1
10113,1
9581,1
80204,1
79172,1
10128,1
1838,1
10121,1
79847,1
26509,1
57559,1
9023,1
84896,1
3832,1
50624,1
100533195,1
55165,1
9585,1
51163,1
23317,1
53836,1
310,1
317662,1
140766,1
6229,1
1763,1
84665,1
316,1
471,1
50485,1
580,1
6775,1
2660,1
79800,1
54529,1
110599588,1
29081,1
4664,1
65061,1
9360,1
79675,1
130752,1
3417,1
29789,1
9541,1
6744,1
1134,1
150864,1
55759,1
10152,1
3685,1
55032,1
84925,1
57337,1
9626,1
10063,1
83666,1
9101,1
9728,1
29766,1
84888,1
26035,1
90525,1
83464,1
81556,1
8483,1
60490,1
8482,1
84993,1
83478,1
10144,1
55008,1
51191,1
64579,1
55345,1
55435,1
51138,1
3184,1
153020,1
22872,1
2250,1
84803,1
55212,1
84162,1
658,1
5910,1
55132,1
53371,1
55589,1
9908,1
55752,1
80144,1
901,1
246175,1
8615,1
57619,1
306,1
27068,1
1062,1
79807,1
839,1
3033,1
9061,1
10427,1
5530,1
64116,1
4547,1
23162,1
83606,1
91445,1
85352,1
64098,1
2120,1
23710,1
55605,1
144402,1
51067,1
84920,1
5288,1
58516,1
55500,1
85437,1
84216,1
144165,1
51279,1
4704,1
10219,1
6843,1
55080,1
5830,1
347902,1
84298,1
121227,1
92979,1
83729,1
11010,1
121278,1
22822,1
55266,1
1848,1
282809,1
160418,1
144193,1
121441,1
283431,1
121260,1
6996,1
84934,1
113675,1
326625,1
51228,1
84260,1
84915,1
121643,1
9818,1
9107,1
283537,1
6541,1
222484,1
6821,1
85478,1
6895,1
50846,1
53831,1
79035,1
90634,1
6601,1
675,1
54934,1
91012,1
7786,1
11226,1
51380,1
55716,1
60314,1
23344,1
283337,1
79024,1
115825,1
2098,1
5925,1
55206,1
283385,1
65082,1
79720,1
54509,1
8562,1
81624,1
122060,1
64062,1
196541,1
10150,1
84945,1
55647,1
8451,1
319089,1
6751,1
64403,1
161253,1
643866,1
81542,1
122786,1
57161,1
6252,1
145407,1
145389,1
122830,1
8816,1
112840,1
2100,1
85439,1
90141,1
8477,1
145482,1
122481,1
7453,1
91833,1
81614,1
4236,1
6938,1
10169,1
100529067,1
11001,1
2252,1
9245,1
663,1
2958,1
6727,1
7090,1
8125,1
54939,1
92912,1
9051,1
2108,1
597,1
10363,1
49855,1
80349,1
4123,1
59274,1
7168,1
3480,1
91947,1
80119,1
9960,1
585,1
5371,1
170691,1
55180,1
80125,1
60677,1
145864,1
51458,1
5428,1
6017,1
55215,1
11057,1
90381,1
55070,1
4240,1
55898,1
55784,1
5045,1
8826,1
79631,1
23478,1
84656,1
3687,1
64755,1
5073,1
7385,1
1039,1
55114,1
94160,1
9785,1
54957,1
91862,1
463,1
388289,1
84166,1
10300,1
3801,1
283927,1
2653,1
123920,1
146225,1
8996,1
81631,1
8720,1
1012,1
23174,1
89941,1
54925,1
6187,1
4716,1
5170,1
91151,1
22980,1
55090,1
9611,1
8533,1
79018,1
57336,1
84916,1
57610,1
81577,1
28987,1
58488,1
10040,1
55028,1
10140,1
9905,1
90506,1
90507,1
85464,1
124912,1
92579,1
1213,1
124773,1
54828,1
51651,1
6760,1
6875,1
10939,1
10650,1
3613,1
2774,1
25800,1
55197,1
83608,1
64762,1
114799,1
114876,1
2627,1
4864,1
409,1
55135,1
112483,1
23533,1
7157,1
396,1
94015,1
10966,1
9775,1
6904,1
26502,1
57521,1
3607,1
57332,1
6398,1
22994,1
56270,1
8535,1
54808,1
4089,1
54877,1
201456,1
147381,1
5366,1
115024,1
2064,1
2886,1
84299,1
10907,1
113230,1
90378,1
29985,1
91978,1
63977,1
5211,1
55527,1
7409,1
93343,1
6455,1
56931,1
91039,1
90324,1
57677,1
23410,1
10410,1
1291,1
3454,1
6647,1
150094,1
757,1
9980,1
9875,1
2014,1
10055,1
79760,1
23624,1
57140,1
11132,1
105372481,1
126208,1
90580,1
84467,1
10498,1
115704,1
5694,1
25888,1
112703,1
6205,1
23521,1
90353,1
51070,1
473,1
29943,1
1969,1
5195,1
5226,1
127294,1
83442,1
10256,1
6135,1
58985,1
51042,1
127703,1
10733,1
9064,1
54707,1
84958,1
3339,1
23421,1
26135,1
8915,1
3491,1
10026,1
64129,1
113451,1
6202,1
11004,1
148932,1
1580,1
8543,1
22823,1
126969,1
3321,1
90874,1
55917,1
85369,1
3744,1
5686,1
8515,1
23432,1
223,1
261726,1
29922,1
57645,1
25874,1
8804,1
55827,1
9095,1
7371,1
54499,1
5451,1
1805,1
4259,1
64326,1
81607,1
5498,1
8490,1
6391,1
5202,1
27005,1
5546,1
83416,1
51093,1
79590,1
93183,1
844,1
81875,1
1382,1
3068,1
27,1
9213,1
6004,1
26092,1
23179,1
127018,1
58497,1
6097,1
7286,1
10262,1
1893,1
57592,1
80222,1
57530,1
81609,1
9869,1
4170,1
5993,1
5298,1
8394,1
81611,1
55793,1
8991,1
29956,1
2029,1
10500,1
65005,1
405,1
23126,1
54964,1
51686,1
55204,1
126626,1
255928,1
3756,1
51514,1
8444,1
1939,1
25896,1
9015,1
56950,1
11221,1
79802,1
7159,1
8751,1
10899,1
5872,1
6279,1
91181,1
23557,1
11000,1
9898,1
27173,1
10456,1
148327,1
25912,1
57459,1
3608,1
6016,1
65123,1
2312,1
128061,1
79573,1
1130,1
9859,1
52,1
116841,1
6726,1
4931,1
163859,1
23219,1
375,1
29097,1
3707,1
2987,1
8476,1
149111,1
129642,1
142,1
5664,1
29920,1
3930,1
7483,1
9580,1
8497,1
127829,1
130497,1
388,1
92906,1
130589,1
79823,1
805,1
494143,1
6233,1
51057,1
51542,1
55252,1
6637,1
4211,1
9391,1
84874,1
23020,1
79998,1
51002,1
23233,1
113419,1
165545,1
8446,1
4867,1
7851,1
55258,1
5899,1
6574,1
84524,1
51601,1
23190,1
339745,1
5433,1
8502,1
57282,1
79634,1
80856,1
23671,1
83879,1
1745,1
493911,1
51454,1
3329,1
284992,1
151194,1
65065,1
151050,1
79582,1
26154,1
285362,1
84236,1
51281,1
64708,1
129563,1
2177,1
132001,1
9686,1
5868,1
58190,1
9125,1
114790,1
29926,1
85403,1
51143,1
27303,1
645206,1
1238,1
64651,1
54977,1
2803,1
6161,1
5793,1
54756,1
115286,1
9039,1
10550,1
7110,1
26018,1
8994,1
64332,1
1295,1
91775,1
84873,1
22989,1
55347,1
51365,1
285282,1
141,1
64422,1
83939,1
10840,1
114885,1
57552,1
4026,1
9711,1
6988,1
84276,1
90226,1
9730,1
7873,1
55840,1
116211,1
8893,1
9718,1
1609,1
55646,1
1060,1
2044,1
57205,1
132299,1
345274,1
79966,1
58478,1
2638,1
93587,1
6622,1
100996939,1
93627,1
817,1
493856,1
287,1
92610,1
166378,1
890,1
57721,1
54532,1
80854,1
92345,1
6189,1
56034,1
84869,1
8001,1
285440,1
4726,1
10299,1
1016,1
6715,1
4651,1
54491,1
6167,1
6502,1
9180,1
10769,1
5295,1
23635,1
256006,1
10788,1
5921,1
54826,1
23262,1
55814,1
64924,1
689,1
64839,1
83890,1
85480,1
25816,1
56929,1
51397,1
9140,1
81555,1
9547,1
3950,1
9879,1
3578,1
153830,1
114898,1
2559,1
81545,1
10318,1
10146,1
91975,1
23138,1
55651,1
91272,1
10814,1
57451,1
26240,1
340156,1
51256,1
107080638,1
10667,1
54438,1
54901,1
153527,1
255626,1
192286,1
54540,1
27242,1
22838,1
4594,1
79930,1
29777,1
170954,1
107987457,1
5558,1
90523,1
54511,1
221472,1
285855,1
4794,1
7162,1
134728,1
55023,1
167681,1
253714,1
84553,1
10957,1
135293,1
57038,1
221322,1
134829,1
93663,1
9287,1
58527,1
116843,1
113115,1
154091,1
257218,1
51390,1
6993,1
57583,1
9202,1
7432,1
79624,1
221806,1
2768,1
84310,1
79034,1
57786,1
9586,1
113130,1
3486,1
5814,1
4191,1
2631,1
908,1
5723,1
168374,1
222255,1
64418,1
55262,1
56996,1
89122,1
56257,1
84928,1
340351,1
92092,1
55281,1
2041,1
54892,1
357,1
51631,1
57393,1
83604,1
7403,1
4478,1
85417,1
55869,1
6567,1
7569,1
347517,1
6872,1
4841,1
2846,1
10682,1
158835,1
8473,1
29934,1
3561,1
7552,1
1730,1
56000,1
5631,1
55086,1
27316,1
79648,1
9258,1
26260,1
89885,1
55790,1
526,1
55246,1
79618,1
1142,1
2796,1
55909,1
51312,1
91782,1
80005,1
11212,1
11160,1
9705,1
8601,1
51125,1
84513,1
85479,1
28957,1
51110,1
7013,1
115111,1
245972,1
92140,1
29967,1
9166,1
5440,1
8667,1
84294,1
4715,1
83940,1
84985,1
56169,1
93100,1
7436,1
50808,1
115426,1
123,1
54801,1
203228,1
56832,1
84186,1
84131,1
414328,1
549,1
84641,1
84909,1
138804,1
58499,1
58493,1
7357,1
401548,1
2040,1
92399,1
2649,1
210,1
114987,1
54107,1
6836,1
6834,1
6835,1
6838,1
6837,1
57109,1
6130,1
9328,1
140459,1
80142,1
114789,1
56904,1
84895,1
9536,1
3934,1
90678,1
286257,1
92715,1
4851,1
9712,1
23412,1
22921,1
23590,1
80013,1
221074,1
6251,1
338596,1
56288,1
6935,1
29982,1
11128,1
26091,1
10974,1
2746,1
27063,1
10556,1
118924,1
3026,1
54788,1
1979,1
79949,1
6934,1
4288,1
80313,1
6877,1
23082,1
85450,1
54805,1
22984,1
84280,1
133,1
2620,1
159963,1
55327,1
196294,1
27315,1
64852,1
90019,1
7761,1
7762,1
51144,1
51074,1
25891,1
10480,1
85456,1
6749,1
79096,1
84364,1
51501,1
60494,1
143686,1
79780,1
871,1
92105,1
5058,1
6188,1
85463,1
54970,1
91894,1
9177,1
4863,1
472,1
60496,1
128710,1
55004,1
283208,1
57325,1
26007,1
9219,1
51524,1
256364,1
3619,1
79869,1
26229,1
9538,1
80071,1
1111,1
90952,1
10205,1
51092,1
57158,1
128864,1
79980,1
140894,1
149986,1
54915,1
81928,1
83707,1
84304,1
83706,1
740,1
2197,1
6911,1
226,1
83723,1
8479,1
9344,1
8091,1
4314,1
143098,1
3688,1
1489,1
51503,1
84159,1
55208,1
55002,1
219854,1
26524,1
10284,1
57536,1
220108,1
4253,1
3176,1
116372,1
27250,1
2823,1
116966,1
132851,1
79839,1
161835,1
1740,1
220047,1
11098,1
54545,1
151242,1
22948,1
134145,1
85458,1
1737,1
120379,1
55216,1
26521,1
3606,1
56158,1
5805,1
5305,1
130813,1
341640,1
2308,1
51232,1
196383,1
57647,1
7316,1
3708,1
23657,1
25819,1
219670,1
119180,1
55768,1
54995,1
55293,1
121053,1
89910,1
253430,1
144715,1
196463,1
4143,1
114134,1
283464,1
1977,1
9223,1
1456,1
153443,1
283635,1
101927178,1
51562,1
145282,1
2132,1
129787,1
65987,1
4718,1
343930,1
81792,1
140609,1
127124,1
2241,1
63894,1
57182,1
26019,1
8872,1
132320,1
83643,1
132321,1
2059,1
27034,1
29087,1
112936,1
143187,1
121601,1
374618,1
166785,1
1909,1
22944,1
5281,1
54842,1
8853,1
6868,1
80014,1
79682,1
291,1
196394,1
636,1
60485,1
160857,1
51594,1
60558,1
55835,1
26272,1
64417,1
56477,1
79668,1
143384,1
667,1
221336,1
7073,1
9531,1
166863,1
9910,1
148534,1
80097,1
5784,1
4249,1
253635,1
79833,1
79596,1
26040,1
120534,1
57724,1
147339,1
57405,1
5163,1
10618,1
127933,1
83734,1
134359,1
6695,1
167555,1
117143,1
143884,1
133746,1
9456,1
7518,1
284306,1
374928,1
284309,1
79723,1
64421,1
10557,1
116412,1
219333,1
152137,1
814,1
678,1
255967,1
5213,1
79925,1
8404,1
4154,1
133690,1
133686,1
2697,1
10309,1
55676,1
53918,1
25780,1
160897,1
200132,1
79819,1
118932,1
10160,1
53354,1
56978,1
9987,1
7402,1
5796,1
9453,1
51351,1
109504726,1
115827,1
160492,1
153562,1
5884,1
9412,1
5352,1
55351,1
166647,1
285672,1
10283,1
3140,1
6728,1
64946,1
23589,1
55024,1
51061,1
130013,1
64682,1
831,1
1047,1
1070,1
8467,1
3192,1
5903,1
25909,1
10461,1
84910,1
5801,1
4929,1
130940,1
22925,1
6328,1
266977,1
221393,1
50807,1
125476,1
57407,1
124402,1
3621,1
7342,1
64795,1
22934,1
286343,1
154043,1
2960,1
10428,1
55625,1
221895,1
55022,1
9320,1
130888,1
1054,1
79047,1
148103,1
23576,1
140890,1
1105,1
8526,1
9653,1
124540,1
221302,1
9955,1
116150,1
5529,1
55364,1
135154,1
123872,1
404550,1
56172,1
90268,1
84959,1
54538,1
84897,1
4900,1
2838,1
9868,1
25890,1
284,1
26207,1
200014,1
79705,1
201134,1
23460,1
10349,1
23461,1
5169,1
55286,1
23043,1
83648,1
252969,1
91694,1
81559,1
55740,1
115362,1
9184,1
129881,1
388650,1
6921,1
23643,1
1525,1
10950,1
54149,1
5651,1
27342,1
54148,1
58494,1
522,1
2551,1
11096,1
80746,1
146857,1
7508,1
51244,1
201163,1
285381,1
92106,1
30827,1
220134,1
9989,1
65258,1
124739,1
146956,1
2047,1
91369,1
7566,1
56934,1
81552,1
139322,1
27123,1
80028,1
150696,1
221264,1
7071,1
51582,1
528,1
55529,1
51633,1
23097,1
158219,1
55326,1
64210,1
55361,1
83742,1
118813,1
27201,1
81894,1
6782,1
29761,1
65983,1
54819,1
4343,1
389,1
333926,1
1622,1
6566,1
55027,1
84365,1
5018,1
9056,1
23367,1
9337,1
136332,1
133383,1
23165,1
342357,1
138241,1
129831,1
9601,1
79831,1
255762,1
285172,1
65062,1
56254,1
1539,1
1836,1
134353,1
9443,1
158297,1
10670,1
92370,1
5922,1
55005,1
154064,1
51643,1
116442,1
1193,1
137492,1
10,1
138199,1
90550,1
91748,1
118491,1
145483,1
2776,1
4325,1
132,1
10538,1
1633,1
9508,1
286148,1
137682,1
128338,1
157657,1
161502,1
57188,1
419,1
123720,1
10563,1
29104,1
10069,1
10600,1
10694,1
6103,1
23552,1
84108,1
122416,1
119392,1
8817,1
5097,1
153769,1
7381,1
51001,1
9791,1
6156,1
159091,1
6832,1
159090,1
1915,1
3098,1
219743,1
84295,1
135228,1
9246,1
25921,1
219541,1
60685,1
27020,1
23522,1
80223,1
10813,1
9131,1
5603,1
9530,1
931,1
93594,1
55093,1
29028,1
114907,1
78994,1
64319,1
391059,1
5261,1
64645,1
163786,1
1339,1
115416,1
23355,1
2585,1
93010,1
701,1
5147,1
1974,1
7862,1
285367,1
6750,1
9797,1
51738,1
6396,1
123803,1
23049,1
115548,1
134285,1
7079,1
54953,1
1376,1
55707,1
200008,1
3361,1
9069,1
102723899,1
4323,1
8321,1
57798,1
10901,1
93190,1
221481,1
11269,1
197258,1
115817,1
776,1
132949,1
7567,1
9133,1
145773,1
4643,1
26060,1
139221,1
134265,1
1831,1
10311,1
1859,1
2114,1
150082,1
347734,1
4599,1
25966,1
124565,1
257169,1
114991,1
9162,1
203197,1
136306,1
254048,1
673,1
84262,1
57728,1
10239,1
114793,1
121665,1
9364,1
127281,1
8764,1
55229,1
84465,1
64897,1
11079,1
6497,1
5051,1
9577,1
144406,1
63875,1
1844,1
57822,1
91544,1
338323,1
138639,1
4690,1
114822,1
195827,1
7498,1
55113,1
26504,1
2140,1
199221,1
11013,1
286527,1
2176,1
22808,1
10163,1
171586,1
83850,1
55179,1
115572,1
388591,1
64849,1
54933,1
57477,1
3017,1
995,1
8365,1
129531,1
9669,1
158787,1
375307,1
55571,1
23382,1
9334,1
9825,1
55199,1
93979,1
90121,1
124245,1
94026,1
222068,1
84919,1
56946,1
9753,1
8407,1
2005,1
54935,1
115992,1
4681,1
100532736,1
142683,1
50848,1
7391,1
4817,1
9191,1
92822,1
1896,1
8703,1
9507,1
64760,1
84134,1
57805,1
7484,1
57685,1
51735,1
2035,1
54069,1
79053,1
56683,1
8867,1
94104,1
3455,1
124995,1
3460,1
2618,1
6651,1
29980,1
3898,1
6781,1
516,1
1827,1
65264,1
148523,1
149473,1
873,1
874,1
70,1
23515,1
8208,1
201176,1
5763,1
23569,1
51094,1
5692,1
7832,1
715,1
8659,1
57519,1
117145,1
197131,1
112950,1
89970,1
60313,1
8883,1
51249,1
84229,1
374739,1
131669,1
9813,1
1487,1
9114,1
57732,1
6002,1
5681,1
7791,1
284348,1
150275,1
7773,1
203260,1
7638,1
353355,1
9310,1
10020,1
2909,1
5739,1
808,1
1676,1
79140,1
56063,1
55108,1
653121,1
29101,1
149076,1
2063,1
131076,1
203547,1
9619,1
7031,1
64699,1
89765,1
54020,1
10785,1
4731,1
5316,1
7307,1
102724594,1
8566,1
105372824,1
2539,1
1476,1
8568,1
56894,1
8209,1
102724023,1
23308,1
3689,1
85395,1
5900,1
84221,1
7410,1
8888,1
5116,1
11094,1
126526,1
27433,1
92799,1
112724,1
84885,1
57731,1
125965,1
57551,1
9442,1
162989,1
23387,1
196264,1
284086,1
116238,1
9159,1
6294,1
6271,1
26097,1
643,1
51043,1
80308,1
6464,1
55823,1
79671,1
103,1
3570,1
55585,1
200186,1
55129,1
2224,1
10712,1
11243,1
9673,1
4000,1
23218,1
56893,1
221908,1
54865,1
112939,1
54742,1
9592,1
84124,1
10898,1
4061,1
51160,1
4796,1
9401,1
9684,1
84988,1
54784,1
9794,1
222229,1
222235,1
222236,1
5701,1
126321,1
150223,1
1173,1
55324,1
5130,1
93099,1
199746,1
622,1
199745,1
57125,1
22806,1
2232,1
29115,1
51,1
5635,1
114757,1
6427,1
55260,1
317719,1
126133,1
3678,1
284361,1
126119,1
80174,1
125950,1
256126,1
147841,1
117283,1
221496,1
400569,1
388325,1
100529209,1
255877,1
8741,1
26168,1
1973,1
6154,1
51728,1
79622,1
197335,1
339123,1
6755,1
254528,1
80178,1
899,1
57465,1
51005,1
124222,1
114984,1
124220,1
7627,1
115,1
81570,1
220002,1
80150,1
51035,1
79081,1
283237,1
10629,1
10482,1
6811,1
283130,1
6159,1
84447,1
7542,1
8986,1
10158,1
51727,1
65260,1
79699,1
4116,1
26027,1
25973,1
23358,1
79707,1
9903,1
57190,1
205,1
84328,1
54751,1
9249,1
7805,1
553115,1
5928,1
57648,1
255104,1
54587,1
199990,1
115209,1
83941,1
7398,1
8880,1
11080,1
127255,1
127253,1
51375,1
8707,1
284611,1
127002,1
284695,1
339479,1
178,1
7412,1
2135,1
148867,1
23528,1
10092,1
57863,1
114548,1
89886,1
4921,1
8682,1
23385,1
25903,1
127943,1
126823,1
148304,1
440699,1
28982,1
64783,1
79961,1
126859,1
51278,1
25992,1
10380,1
128153,1
79762,1
148362,1
51205,1
55083,1
64216,1
163882,1
129285,1
148811,1
148789,1
50604,1
11009,1
824,1
128308,1
80232,1
5966,1
150962,1
5194,1
84542,1
51127,1
27185,1
51072,1
84661,1
129450,1
79568,1
151354,1
130162,1
142679,1
112942,1
165055,1
151112,1
80304,1
79677,1
105373449,1
7447,1
3020,1
554226,1
6443,1
132671,1
200373,1
130367,1
129880,1
56916,1
10611,1
285555,1
93082,1
23248,1
200539,1
1520,1
4487,1
114905,1
79626,1
388695,1
79005,1
100534012,1
6944,1
284996,1
55677,1
6282,1
84648,1
3713,1
6703,1
27302,1
6280,1
6283,1
7039,1
151195,1
7855,1
1420,1
54876,1
132789,1
250,1
152559,1
152519,1
118429,1
113510,1
51023,1
8545,1
151556,1
92196,1
10654,1
57326,1
204851,1
55891,1
1293,1
55765,1
84541,1
285203,1
128240,1
56983,1
55356,1
91156,1
116064,1
25802,1
1999,1
92703,1
80128,1
200185,1
3577,1
10109,1
128229,1
7203,1
84283,1
6746,1
64320,1
27148,1
152110,1
285025,1
1412,1
57650,1
57703,1
64343,1
7048,1
84666,1
55139,1
79885,1
83417,1
79411,1
201595,1
131474,1
5274,1
23122,1
8802,1
81788,1
5584,1
4332,1
3428,1
151651,1
56648,1
200916,1
151742,1
1493,1
29851,1
23429,1
151987,1
29083,1
25871,1
152185,1
57577,1
1040,1
23001,1
285521,1
5783,1
132204,1
213,1
132200,1
132989,1
80145,1
6314,1
9861,1
56999,1
152926,1
8833,1
25976,1
57018,1
5806,1
8820,1
7871,1
6133,1
201895,1
11102,1
1776,1
54502,1
323,1
84818,1
78987,1
64419,1
151613,1
2921,1
6374,1
441024,1
2919,1
25898,1
2992,1
84343,1
116441,1
11073,1
6259,1
130557,1
22950,1
245711,1
57456,1
56992,1
23160,1
51304,1
64866,1
54585,1
79443,1
1230,1
54859,1
151636,1
7707,1
113444,1
9204,1
131601,1
80149,1
64769,1
79753,1
5437,1
200879,1
90407,1
6184,1
59343,1
55764,1
5984,1
8314,1
7086,1
91869,1
26354,1
55193,1
57654,1
285464,1
7884,1
4043,1
26043,1
165918,1
6286,1
64789,1
79078,1
114625,1
51058,1
9255,1
166929,1
23173,1
79982,1
3015,1
150159,1
133308,1
56898,1
10424,1
993,1
820,1
51385,1
5364,1
79714,1
84126,1
51246,1
10252,1
8927,1
327,1
22824,1
256471,1
80167,1
4486,1
23132,1
1849,1
25886,1
132160,1
64850,1
80335,1
9348,1
3148,1
8819,1
11341,1
4085,1
308,1
79884,1
26269,1
80817,1
140458,1
51313,1
80155,1
3600,1
729830,1
27236,1
23379,1
10393,1
6059,1
54726,1
11157,1
55751,1
90826,1
3673,1
4338,1
153396,1
79993,1
91942,1
133923,1
92255,1
202151,1
25836,1
84059,1
91137,1
134429,1
5229,1
2151,1
153733,1
134147,1
401207,1
133619,1
2150,1
55255,1
4724,1
3360,1
134266,1
166979,1
153642,1
22836,1
493869,1
81789,1
256987,1
285782,1
836,1
201973,1
64167,1
57587,1
253260,1
167153,1
1879,1
57763,1
134510,1
84135,1
7098,1
10412,1
84340,1
222611,1
1437,1
134549,1
2661,1
27089,1
10559,1
115004,1
167838,1
10370,1
153222,1
154075,1
57107,1
134957,1
221613,1
133396,1
79722,1
135250,1
221955,1
23366,1
9263,1
29896,1
55568,1
79685,1
6208,1
10466,1
154743,1
54329,1
10569,1
6100,1
9232,1
819,1
8645,1
221458,1
219557,1
26872,1
55536,1
221833,1
54468,1
25862,1
94120,1
619279,1
6469,1
117289,1
92421,1
26266,1
25798,1
1508,1
3174,1
5828,1
5885,1
90390,1
4982,1
27012,1
114788,1
5001,1
1669,1
734,1
1672,1
23353,1
55074,1
157753,1
115330,1
202915,1
4846,1
26173,1
1020,1
6522,1
157724,1
154791,1
51808,1
501,1
1345,1
116039,1
7534,1
8323,1
81034,1
25879,1
55656,1
25962,1
2669,1
54704,1
91147,1
138716,1
6619,1
57462,1
318,1
157378,1
11168,1
203238,1
51271,1
4783,1
137994,1
55798,1
2395,1
137835,1
221656,1
55582,1
3190,1
136263,1
79987,1
55503,1
203286,1
84302,1
11244,1
6990,1
58526,1
158401,1
254158,1
158405,1
57526,1
5277,1
2277,1
26130,1
84270,1
538,1
195828,1
139324,1
4712,1
364,1
112267859,1
65083,1
360,1
158234,1
7415,1
84720,1
30968,1
254065,1
26050,1
9833,1
220213,1
94134,1
120114,1
143279,1
254170,1
203522,1
171546,1
7486,1
1073,1
10910,1
2957,1
283209,1
84457,1
3636,1
2706,1
51084,1
221035,1
221150,1
221154,1
220042,1
51585,1
63876,1
122769,1
6166,1
55172,1
11067,1
23588,1
9147,1
84881,1
382,1
123016,1
219287,1
83592,1
89890,1
158584,1
11164,1
509,1
8559,1
83860,1
7417,1
118881,1
84858,1
23172,1
169714,1
63877,1
10495,1
27069,1
6621,1
120939,1
23203,1
10807,1
158067,1
11092,1
7248,1
8328,1
3251,1
118426,1
9188,1
9790,1
282974,1
57608,1
65991,1
90809,1
64745,1
29986,1
84659,1
51222,1
840,1
145376,1
55088,1
56339,1
142940,1
53349,1
10023,1
80019,1
26287,1
144455,1
143872,1
122961,1
120071,1
29763,1
91252,1
5702,1
53981,1
341346,1
145264,1
29951,1
9152,1
120935,1
9317,1
783,1
9200,1
221079,1
56935,1
85459,1
3747,1
79101,1
27291,1
154810,1
5654,1
3990,1
9702,1
255394,1
161742,1
145942,1
112937,1
170689,1
84706,1
121457,1
27079,1
55662,1
4714,1
84936,1
6692,1
120863,1
8945,1
9529,1
55323,1
8539,1
57567,1
123228,1
9221,1
221120,1
9318,1
121599,1
8879,1
10576,1
5092,1
25820,1
146562,1
79827,1
55800,1
1353,1
7753,1
196951,1
252983,1
8065,1
54838,1
102724307,1
119032,1
717,1
79156,1
55273,1
119504,1
6609,1
25961,1
160140,1
54765,1
3611,1
6881,1
1200,1
1528,1
159195,1
5896,1
119710,1
374868,1
8495,1
51700,1
9710,1
5271,1
3419,1
256764,1
143570,1
9866,1
254225,1
6157,1
6764,1
222865,1
55839,1
56672,1
23300,1
123775,1
440026,1
123169,1
7702,1
54495,1
4239,1
7465,1
5598,1
50810,1
8509,1
4176,1
7551,1
7589,1
57494,1
7084,1
90701,1
339302,1
65084,1
115811,1
81565,1
1014,1
6236,1
51647,1
146845,1
7184,1
10904,1
80063,1
4319,1
9382,1
144100,1
567,1
9640,1
113201,1
3359,1
4837,1
164,1
162394,1
9665,1
113174,1
5479,1
84191,1
63901,1
9768,1
5346,1
124491,1
162681,1
84516,1
54386,1
5347,1
10845,1
23306,1
219983,1
4665,1
23339,1
219988,1
6809,1
54948,1
79837,1
54893,1
7529,1
84419,1
81628,1
64232,1
4088,1
4130,1
91433,1
64400,1
59271,1
114785,1
245812,1
11051,1
7008,1
5090,1
2793,1
5245,1
6632,1
158248,1
138429,1
399665,1
2801,1
26995,1
51117,1
10999,1
81605,1
57171,1
388389,1
2021,1
54578,1
6668,1
10229,1
51704,1
26263,1
64127,1
84064,1
7644,1
257160,1
51755,1
51367,1
64772,1
10632,1
915,1
125058,1
116969,1
10449,1
6786,1
6240,1
81285,1
55128,1
56547,1
390063,1
112476,1
7571,1
126298,1
7769,1
7733,1
28227,1
79759,1
9726,1
79001,1
4025,1
55181,1
7171,1
4218,1
2879,1
90007,1
126306,1
105372240,1
199786,1
55295,1
54815,1
81620,1
29123,1
124045,1
124923,1
6137,1
121274,1
147015,1
121268,1
7846,1
84790,1
84436,1
29946,1
57701,1
53916,1
148137,1
558,1
84807,1
147798,1
341405,1
114823,1
148170,1
116115,1
83696,1
7705,1
284349,1
10653,1
64073,1
352909,1
8000,1
8581,1
1613,1
1938,1
10036,1
80700,1
84717,1
10501,1
79850,1
51031,1
113655,1
90990,1
124935,1
124997,1
63826,1
55720,1
162514,1
374875,1
124936,1
124975,1
84798,1
3817,1
55769,1
144501,1
55611,1
51129,1
51293,1
84926,1
3489,1
148156,1
10263,1
254552,1
347853,1
7001,1
79003,1
11314,1
83659,1
3396,1
10476,1
6730,1
147138,1
7083,1
137695,1
1581,1
192666,1
147184,1
84514,1
83986,1
90850,1
25837,1
1877,1
1632,1
21,1
54442,1
23524,1
54949,1
55048,1
7439,1
2495,1
26580,1
5436,1
6520,1
117245,1
26005,1
199223,1
3921,1
54986,1
8772,1
116071,1
7536,1
5871,1
55872,1
286133,1
5049,1
124401,1
57691,1
5867,1
55209,1
114990,1
222584,1
79725,1
149603,1
84376,1
93487,1
54541,1
3516,1
55788,1
29063,1
5729,1
125488,1
132158,1
28511,1
7266,1
359948,1
388753,1
4247,1
648,1
57215,1
27249,1
5162,1
3008,1
115294,1
200845,1
136647,1
8309,1
3660,1
165904,1
378,1
4735,1
11259,1
84879,1
1841,1
6890,1
84289,1
624,1
197259,1
55159,1
4543,1
399,1
91949,1
51362,1
10963,1
6338,1
80346,1
11273,1
661,1
2237,1
8436,1
148738,1
124790,1
60684,1
1128,1
1281,1
2675,1
3622,1
55602,1
154007,1
6575,1
83657,1
79089,1
11086,1
6774,1
8754,1
135656,1
8313,1
4725,1
90075,1
157638,1
9122,1
3575,1
29100,1
53353,1
128488,1
10768,1
134218,1
26505,1
2948,1
54790,1
80319,1
10098,1
9925,1
54921,1
161823,1
9836,1
6645,1
3592,1
22847,1
53407,1
166793,1
85476,1
392309,1
56884,1
55308,1
54851,1
79155,1
388969,1
51255,1
123355,1
4144,1
57507,1
80723,1
3954,1
92305,1
5480,1
10251,1
153241,1
56947,1
8681,1
1876,1
10116,1
54951,1
521,1
84179,1
5604,1
79740,1
345651,1
254778,1
79663,1
293,1
53944,1
6940,1
22809,1
7336,1
23099,1
23214,1
27301,1
197370,1
90693,1
10421,1
26000,1
10960,1
148823,1
53917,1
27166,1
7059,1
55974,1
1942,1
3627,1
79628,1
6373,1
8233,1
51068,1
154,1
8706,1
114787,1
8988,1
65008,1
55276,1
202374,1
11141,1
64805,1
150248,1
9197,1
10073,1
8738,1
25942,1
200894,1
5747,1
5724,1
6039,1
3576,1
166824,1
1043,1
93380,1
6699,1
83877,1
59339,1
25932,1
1880,1
54544,1
196074,1
5093,1
3094,1
285605,1
9022,1
283899,1
1677,1
27247,1
84168,1
123207,1
83640,1
10887,1
200558,1
7798,1
284004,1
699,1
83985,1
1138,1
79058,1
2194,1
7555,1
4493,1
3987,1
22871,1
202018,1
7360,1
50834,1
3185,1
686,1
55454,1
5099,1
57099,1
81844,1
9185,1
94056,1
7104,1
163590,1
4071,1
23252,1
161725,1
2990,1
8019,1
51621,1
105370939,1
23414,1
92595,1
65988,1
79724,1
83756,1
131616,1
10746,1
126789,1
83443,1
7584,1
201798,1
57555,1
1107,1
201799,1
214,1
7532,1
116840,1
58485,1
131368,1
51617,1
197320,1
220988,1
23235,1
245806,1
1140,1
84640,1
9121,1
140838,1
56985,1
114825,1
55031,1
10015,1
259249,1
7988,1
84140,1
8427,1
2720,1
84520,1
10826,1
10491,1
3316,1
54714,1
6588,1
23587,1
11337,1
9482,1
983,1
7314,1
2167,1
143162,1
56980,1
2353,1
10972,1
6419,1
4086,1
7779,1
166614,1
91752,1
130827,1
3856,1
4255,1
196410,1
3892,1
3035,1
152518,1
9119,1
160518,1
929,1
202052,1
286887,1
79697,1
202051,1
57148,1
84305,1
9963,1
53343,1
5036,1
79071,1
3889,1
79905,1
23204,1
57228,1
1000,1
10736,1
6773,1
134492,1
26145,1
441639,1
3308,1
3171,1
375611,1
6444,1
83787,1
80196,1
98,1
11016,1
26496,1
162979,1
143425,1
3799,1
2861,1
11214,1
55038,1
195814,1
341276,1
3344,1
8493,1
25948,1
84864,1
51499,1
27258,1
79188,1
11236,1
6203,1
79042,1
2941,1
84437,1
4696,1
126014,1
11162,1
26115,1
392517,1
120526,1
85509,1
90338,1
112464,1
341019,1
3037,1
10761,1
1901,1
90161,1
219875,1
80131,1
5569,1
286046,1
203062,1
2358,1
9637,1
203076,1
53838,1
883,1
4534,1
55006,1
3643,1
55669,1
2525,1
155066,1
5581,1
84522,1
10474,1
9655,1
29071,1
79095,1
118812,1
203245,1
64080,1
84233,1
55863,1
81831,1
55561,1
51282,1
3726,1
140738,1
7364,1
116844,1
283742,1
2548,1
124583,1
84287,1
50515,1
51013,1
5223,1
55636,1
157570,1
3866,1
8687,1
27115,1
64979,1
51545,1
54474,1
392465,1
147807,1
4163,1
57684,1
92126,1
171023,1
54811,1
24149,1
93134,1
147179,1
84525,1
84230,1
389852,1
26156,1
55144,1
133558,1
5481,1
2110,1
59350,1
5734,1
598,1
341152,1
2244,1
5356,1
100529264,1
201514,1
22883,1
10782,1
8507,1
80176,1
284307,1
27197,1
57449,1
55729,1
10243,1
57687,1
55092,1
23261,1
79029,1
2628,1
596,1
83889,1
92342,1
148268,1
4300,1
6241,1
51112,1
719,1
55178,1
5728,1
6201,1
246243,1
5621,1
84978,1
57834,1
83660,1
7764,1
7857,1
91647,1
10465,1
83450,1
126295,1
149840,1
143501,1
221037,1
11346,1
83452,1
7064,1
3913,1
9451,1
126308,1
51315,1
10201,1
54205,1
55106,1
285335,1
6641,1
27085,1
79736,1
28998,1
10892,1
3669,1
154141,1
2845,1
10605,1
64581,1
375444,1
257194,1
7690,1
100506639,1
682,1
25988,1
55304,1
112858,1
219982,1
219981,1
669,1
10248,1
199857,1
8801,1
80765,1
10231,1
2783,1
84331,1
100287175,1
9854,1
219954,1
55970,1
83886,1
51778,1
171024,1
54676,1
55277,1
283189,1
9338,1
7572,1
79694,1
4299,1
134526,1
9158,1
5499,1
3054,1
5139,1
10125,1
89857,1
122704,1
10924,1
27289,1
5883,1
100130987,1
30008,1
80194,1
64393,1
93550,1
148203,1
91607,1
161142,1
84750,1
80198,1
29942,1
221468,1
256076,1
79612,1
90288,1
80011,1
3222,1
326624,1
167227,1
6169,1
5916,1
283848,1
54961,1
8824,1
6670,1
254042,1
285268,1
55191,1
338692,1
4615,1
9943,1
253558,1
130,1
150165,1
10524,1
727936,1
79877,1
257236,1
156,1
5970,1
340252,1
55731,1
339403,1
10855,1
160762,1
3310,1
51504,1
54674,1
22992,1
203054,1
78988,1
64318,1
2101,1
29984,1
150684,1
65059,1
4580,1
54625,1
165631,1
1163,1
225,1
130872,1
22885,1
126868,1
91749,1
81839,1
2745,1
9657,1
2804,1
254439,1
134391,1
158399,1
144195,1
56834,1
6623,1
79812,1
653784,1
8658,1
203523,1
49854,1
79660,1
56977,1
4296,1
10221,1
128822,1
84826,1
79625,1
132141,1
4973,1
256710,1
1605,1
1600,1
64801,1
51126,1
6288,1
440574,1
254102,1
83591,1
79102,1
26472,1
122651,1
10534,1
6599,1
2286,1
79834,1
8793,1
29925,1
92597,1
90441,1
257364,1
339778,1
64859,1
165082,1
1106,1
2829,1
51134,1
27284,1
11163,1
440672,1
5091,1
286205,1
64802,1
100128327,1
403314,1
9986,1
7388,1
80835,1
1964,1
5707,1
57493,1
79703,1
9804,1
3267,1
6777,1
1267,1
3728,1
10209,1
284131,1
57674,1
1263,1
10276,1
23333,1
163049,1
84733,1
27333,1
83759,1
84833,1
115123,1
126074,1
5936,1
128344,1
152002,1
165324,1
220416,1
9973,1
84984,1
80311,1
200933,1
220082,1
2787,1
253512,1
8722,1
253827,1
23592,1
283951,1
81793,1
7096,1
10333,1
285704,1
152877,1
284613,1
2940,1
54931,1
348180,1
23269,1
144577,1
169166,1
54872,1
10594,1
5306,1
9416,1
741,1
57659,1
8711,1
23051,1
23612,1
116093,1
201232,1
55584,1
9156,1
253959,1
3981,1
389524,1
137735,1
55055,1
10302,1
147323,1
402117,1
582,1
10260,1
257144,1
388730,1
53833,1
127845,1
79647,1
266743,1
55167,1
162968,1
133022,1
1240,1
90806,1
7368,1
339855,1
124152,1
10781,1
11041,1
153339,1
55196,1
51574,1
143282,1
9975,1
25855,1
6138,1
132720,1
151790,1
6731,1
9610,1
152816,1
152815,1
9662,1
8322,1
685,1
201627,1
201626,1
11146,1
201625,1
171389,1
126328,1
257062,1
81876,1
390174,1
81490,1
125988,1
26470,1
253982,1
2523,1
170506,1
26259,1
1488,1
79683,1
545,1
11065,1
147409,1
80124,1
132112,1
92369,1
7189,1
56945,1
55690,1
26696,1
28,1
5708,1
131408,1
1466,1
55486,1
1649,1
5095,1
123346,1
10540,1
79797,1
10106,1
9793,1
392,1
10025,1
9776,1
23015,1
378708,1
22845,1
254295,1
9134,1
85007,1
1474,1
196996,1
27257,1
8815,1
56674,1
57758,1
84285,1
4087,1
219749,1
1212,1
4023,1
317671,1
64770,1
9092,1
57804,1
23529,1
387787,1
144245,1
10589,1
83638,1
80227,1
51642,1
5870,1
5029,1
8061,1
2072,1
79783,1
11007,1
54968,1
6199,1
146691,1
58492,1
126695,1
7025,1
54998,1
401505,1
169841,1
8607,1
2810,1
4482,1
643677,1
23399,1
2118,1
375757,1
200407,1
340481,1
79666,1
2,1
379,1
340359,1
163259,1
84617,1
116068,1
126792,1
79898,1
26471,1
153364,1
286262,1
113829,1
55057,1
9807,1
8636,1
1479,1
7525,1
79643,1
10301,1
55254,1
55346,1
284001,1
79915,1
114926,1
342908,1
25914,1
390058,1
414149,1
29882,1
339487,1
1351,1
54993,1
79369,1
246184,1
163126,1
126272,1
84277,1
283377,1
254531,1
284346,1
79446,1
112869,1
653583,1
222171,1
79346,1
205717,1
124817,1
9920,1
84002,1
283598,1
84823,1
4642,1
2300,1
2303,1
79635,1
401466,1
375189,1
8851,1
80230,1
119678,1
374819,1
54621,1
101928274,1
7298,1
81282,1
170082,1
9240,1
56892,1
284358,1
2524,1
374786,1
84901,1
387758,1
6470,1
9632,1
140775,1
4524,1
345778,1
147912,1
23403,1
54503,1
340485,1
84942,1
57453,1
391,1
196527,1
403341,1
171483,1
125228,1
6888,1
157807,1
6197,1
80324,1
11253,1
8325,1
219770,1
53842,1
7156,1
57513,1
64925,1
118461,1
144203,1
221091,1
29928,1
3090,1
8541,1
64110,1
5074,1
125170,1
7182,1
284119,1
10425,1
10009,1
79413,1
79191,1
79751,1
475,1
401474,1
9332,1
497661,1
55367,1
126069,1
6181,1
83903,1
3725,1
23283,1
2629,1
28976,1
57104,1
57085,1
283316,1
168451,1
387082,1
254827,1
977,1
389289,1
2314,1
6666,1
10949,1
285525,1
3766,1
253639,1
9849,1
8269,1
374969,1
285267,1
1176,1
2885,1
360023,1
7334,1
151188,1
30832,1
51272,1
6232,1
60626,1
55272,1
140461,1
440836,1
129852,1
55929,1
254228,1
3615,1
259173,1
4291,1
25915,1
205327,1
55620,1
83983,1
51027,1
1662,1
286187,1
4729,1
55152,1
404203,1
254251,1
25970,1
340152,1
143888,1
125919,1
114798,1
11180,1
348654,1
8834,1
117608,1
389072,1
7766,1
3350,1
84792,1
79962,1
57673,1
221294,1
2731,1
84987,1
79861,1
54681,1
404217,1
788,1
9852,1
4094,1
56998,1
768239,1
2081,1
84875,1
23512,1
63899,1
200895,1
54913,1
2907,1
7056,1
729420,1
9377,1
22882,1
1370,1
389336,1
220032,1
4351,1
26873,1
339456,1
135932,1
54546,1
124989,1
9242,1
81575,1
54512,1
147991,1
6879,1
285346,1
5198,1
81888,1
79415,1
3963,1
653499,1
79818,1
2580,1
51341,1
7284,1
80010,1
80169,1
55030,1
6415,1
27335,1
114932,1
112574,1
161829,1
9212,1
93621,1
285237,1
127707,1
84314,1
23212,1
205860,1
54344,1
374470,1
1537,1
5187,1
160335,1
84667,1
2193,1
144108,1
55095,1
59344,1
80153,1
285343,1
2517,1
199720,1
144348,1
811,1
9500,1
100506127,1
143458,1
5886,1
90480,1
199699,1
256472,1
5781,1
203430,1
23302,1
54734,1
1198,1
3119,1
10620,1
23241,1
255520,1
1960,1
2262,1
64856,1
50628,1
24147,1
10472,1
122525,1
3352,1
146310,1
247,1
23580,1
100128927,1
144811,1
84232,1
80117,1
91523,1
9582,1
117196,1
91663,1
9792,1
284023,1
163732,1
154664,1
84948,1
23042,1
102724985,1
22864,1
10331,1
55600,1
9378,1
22928,1
147808,1
55017,1
79738,1
84922,1
22827,1
284297,1
79077,1
10194,1
118672,1
122809,1
284273,1
197407,1
253650,1
4994,1
1731,1
54952,1
9282,1
81889,1
157695,1
1104,1
29895,1
8575,1
223082,1
389015,1
125893,1
55785,1
200150,1
4947,1
140832,1
8092,1
124808,1
386618,1
2535,1
166815,1
3059,1
222166,1
23060,1
5062,1
285331,1
90411,1
283254,1
54494,1
128371,1
2619,1
23526,1
51276,1
144321,1
374986,1
3753,1
102723475,1
8204,1
8334,1
387640,1
8347,1
151963,1
84622,1
146802,1
55432,1
169200,1
53637,1
119467,1
80045,1
120103,1
253832,1
143503,1
124961,1
79642,1
5464,1
3226,1
389362,1
79929,1
10224,1
245915,1
64388,1
160298,1
6748,1
84698,1
126375,1
23513,1
5021,1
55783,1
137209,1
400410,1
23760,1
90843,1
390081,1
255252,1
64928,1
166379,1
286006,1
1728,1
64782,1
126003,1
9501,1
343413,1
124512,1
284129,1
25994,1
79813,1
9370,1
4869,1
55526,1
389197,1
92815,1
155061,1
5430,1
23401,1
284114,1
79692,1
347736,1
341208,1
255101,1
91351,1
79701,1
23109,1
168544,1
6657,1
339500,1
5912,1
57621,1
84282,1
64184,1
29072,1
221416,1
399664,1
51649,1
260436,1
53829,1
9966,1
7262,1
390155,1
286451,1
26137,1
205428,1
90355,1
57463,1
2827,1
6478,1
285195,1
768211,1
55343,1
10193,1
6517,1
200205,1
1366,1
94039,1
134553,1
84890,1
51287,1
5571,1
91050,1
64963,1
6635,1
219790,1
51363,1
91304,1
7485,1
84629,1
28955,1
55505,1
375061,1
11022,1
7562,1
9798,1
375748,1
64975,1
64764,1
283989,1
51021,1
5890,1
23641,1
2131,1
6472,1
326340,1
124637,1
25825,1
7325,1
55267,1
55137,1
388364,1
8905,1
342945,1
26233,1
388323,1
120066,1
267012,1
143879,1
54059,1
2055,1
11247,1
122553,1
161779,1
131149,1
50801,1
400629,1
128553,1
3838,1
79598,1
51218,1
90736,1
439921,1
3985,1
84975,1
55256,1
201965,1
201305,1
1436,1
170487,1
255324,1
389084,1
22906,1
83882,1
23236,1
105372522,1
348235,1
7267,1
283870,1
25987,1
100272147,1
3214,1
164091,1
5069,1
389692,1
51335,1
338442,1
55231,1
79098,1
337959,1
64746,1
29035,1
284013,1
222487,1
339168,1
126637,1
6165,1
170960,1
28970,1
80254,1
6734,1
2130,1
161753,1
10473,1
221178,1
25904,1
144608,1
84316,1
8390,1
89874,1
145748,1
1482,1
125061,1
2621,1
57596,1
10082,1
389337,1
285753,1
2842,1
5877,1
2188,1
91689,1
126567,1
10856,1
390637,1
79339,1
754,1
51428,1
147372,1
9403,1
171482,1
9831,1
284656,1
202243,1
54880,1
8690,1
163351,1
158358,1
341277,1
5367,1
126075,1
54101,1
345193,1
10946,1
140460,1
11219,1
29933,1
4600,1
57634,1
84206,1
54855,1
493753,1
51118,1
8624,1
253143,1
8302,1
84193,1
23194,1
84734,1
116541,1
220929,1
56941,1
1232,1
94137,1
348327,1
4707,1
55039,1
7378,1
146223,1
23585,1
344018,1
29110,1
346389,1
10607,1
10293,1
11200,1
57528,1
80139,1
148641,1
386617,1
389677,1
286826,1
114781,1
2863,1
128239,1
10766,1
340075,1
130502,1
146754,1
387893,1
6525,1
283869,1
28958,1
256435,1
8073,1
71,1
23258,1
56616,1
26276,1
55803,1
29796,1
339976,1
7122,1
8508,1
220074,1
126382,1
152579,1
140739,1
283871,1
79640,1
11066,1
84319,1
5101,1
641371,1
220323,1
8338,1
317772,1
10078,1
4070,1
160365,1
5587,1
401145,1
254887,1
1946,1
3009,1
11187,1
1435,1
10584,1
84517,1
84441,1
9276,1
80764,1
9735,1
254240,1
253769,1
10587,1
348013,1
5627,1
256646,1
374659,1
201140,1
9021,1
84189,1
57121,1
11260,1
340061,1
5142,1
124751,1
9968,1
81931,1
10801,1
157313,1
139285,1
9923,1
8349,1
9074,1
56478,1
619189,1
642273,1
25923,1
55967,1
105369915,1
644538,1
6991,1
7327,1
201501,1
79135,1
54732,1
25880,1
155435,1
8971,1
375287,1
83943,1
391356,1
286256,1
146198,1
390327,1
79050,1
11274,1
4700,1
113277,1
10572,1
140707,1
8694,1
26985,1
2157,1
377677,1
22888,1
2972,1
10509,1
10519,1
56899,1
133491,1
23768,1
80789,1
51065,1
11124,1
131583,1
56160,1
3297,1
387263,1
5813,1
8340,1
114659,1
317781,1
10581,1
7127,1
51186,1
4158,1
9230,1
10196,1
55015,1
7625,1
285600,1
283991,1
441549,1
123103,1
54033,1
84614,1
3563,1
339230,1
54622,1
6336,1
284186,1
6948,1
10634,1
5071,1
283643,1
9146,1
126282,1
26333,1
5600,1
93349,1
51263,1
64754,1
25840,1
6450,1
400451,1
374920,1
402569,1
374395,1
285513,1
3854,1
55010,1
246329,1
4582,1
80233,1
3665,1
26013,1
79184,1
9899,1
7026,1
727910,1
6667,1
64976,1
389119,1
10336,1
89782,1
5034,1
5719,1
5087,1
677,1
54014,1
6490,1
79842,1
347918,1
4603,1
4733,1
253943,1
79943,1
105,1
3434,1
159013,1
348793,1
1762,1
79581,1
51227,1
54584,1
2124,1
374899,1
79896,1
140691,1
100419583,1
8519,1
3916,1
2865,1
84197,1
200942,1
54093,1
5727,1
286183,1
55599,1
10308,1
8660,1
121006,1
23299,1
353145,1
84859,1
93273,1
51079,1
84924,1
342909,1
64853,1
84529,1
124626,1
3852,1
54103,1
120227,1
157567,1
23396,1
374973,1
10773,1
130355,1
10623,1
51741,1
283149,1
51082,1
146909,1
84937,1
89958,1
123264,1
64757,1
353135,1
388567,1
114792,1
57496,1
7565,1
55693,1
64222,1
5501,1
153768,1
23621,1
353322,1
200035,1
7626,1
260293,1
353288,1
3858,1
342510,1
728621,1
2204,1
3840,1
3850,1
115560,1
353324,1
653140,1
4674,1
6228,1
54331,1
11118,1
27445,1
3638,1
252884,1
84065,1
151011,1
2306,1
23131,1
4771,1
221491,1
375686,1
7328,1
11104,1
123722,1
116985,1
5553,1
80829,1
284018,1
144233,1
90624,1
387885,1
613,1
139886,1
474343,1
8372,1
2833,1
84307,1
100101467,1
53373,1
3868,1
10614,1
348303,1
3861,1
129293,1
105374836,1
79955,1
84109,1
4137,1
200728,1
349667,1
23390,1
55893,1
353174,1
642987,1
440585,1
64800,1
337972,1
256949,1
5407,1
138428,1
337978,1
353345,1
51259,1
91582,1
7003,1
957,1
4286,1
4673,1
152100,1
130574,1
1645,1
253935,1
57698,1
353139,1
353332,1
730098,1
23270,1
4501,1
2650,1
91404,1
23048,1
79659,1
4059,1
222194,1
51616,1
11261,1
389118,1
5757,1
51182,1
401137,1
9742,1
342977,1
84069,1
200424,1
57335,1
9636,1
54932,1
387032,1
400673,1
26059,1
81848,1
401138,1
94107,1
6917,1
2175,1
79048,1
124,1
10445,1
57697,1
65243,1
340595,1
3006,1
1978,1
121549,1
550631,1
116224,1
1755,1
388512,1
401027,1
50626,1
222696,1
285386,1
6274,1
29978,1
57474,1
123904,1
284434,1
147199,1
377047,1
123745,1
145873,1
647024,1
6300,1
1287,1
375790,1
340990,1
643853,1
376940,1
389541,1
5575,1
374383,1
123879,1
10383,1
170622,1
5320,1
123688,1
26659,1
643338,1
163087,1
57801,1
374918,1
79862,1
401541,1
5359,1
375341,1
84527,1
2963,1
284338,1
5133,1
387836,1
343521,1
1121,1
339345,1
63915,1
283652,1
3014,1
387755,1
284325,1
388533,1
644815,1
10772,1
388115,1
4077,1
57186,1
27158,1
400797,1
144535,1
56624,1
6613,1
340719,1
84247,1
1806,1
140576,1
387707,1
283726,1
6006,1
57835,1
7390,1
643155,1
340277,1
144404,1
401024,1
23029,1
10811,1
130612,1
399473,1
349633,1
147694,1
4520,1
127391,1
387921,1
84464,1
9045,1
149297,1
147837,1
85302,1
2707,1
79979,1
257177,1
158293,1
257313,1
401546,1
25920,1
23036,1
283219,1
374897,1
134637,1
63904,1
4697,1
121642,1
51136,1
374393,1
3005,1
9516,1
83862,1
196528,1
23450,1
388552,1
222698,1
84075,1
84503,1
646799,1
7581,1
401994,1
374454,1
162966,1
23285,1
284697,1
4128,1
145853,1
7259,1
55629,1
51233,1
2709,1
2272,1
285016,1
80317,1
132660,1
9679,1
57402,1
728661,1
100131211,1
23708,1
84933,1
284340,1
3146,1
400745,1
282991,1
10388,1
440519,1
3556,1
374879,1
90835,1
653319,1
12,1
26010,1
151525,1
7633,1
6275,1
25894,1
79633,1
389649,1
36,1
83931,1
64218,1
646962,1
54737,1
284759,1
90321,1
9901,1
63939,1
203068,1
84458,1
6829,1
63929,1
51427,1
219873,1
5478,1
162962,1
284443,1
2917,1
8464,1
60491,1
3376,1
9883,1
29068,1
283159,1
1604,1
11091,1
9361,1
163115,1
342132,1
5770,1
51466,1
7678,1
2547,1
284739,1
9858,1
9819,1
148266,1
79693,1
27153,1
30849,1
285971,1
6399,1
10597,1
731220,1
140465,1
90576,1
140680,1
79711,1
55660,1
54834,1
85012,1
51434,1
27010,1
6536,1
399687,1
54785,1
4122,1
55959,1
3048,1
81050,1
7516,1
57591,1
158431,1
387601,1
4312,1
125,1
3269,1
55684,1
7695,1
23660,1
51399,1
150737,1
9895,1
51284,1
112479,1
54543,1
7442,1
7582,1
51321,1
170959,1
4763,1
147686,1
1612,1
353132,1
3117,1
2760,1
8329,1
6273,1
90592,1
284532,1
961,1
7088,1
8969,1
29966,1
408187,1
80345,1
64771,1
390439,1
100,1
10865,1
160760,1
374354,1
3013,1
343990,1
3914,1
128312,1
3841,1
57730,1
23365,1
9260,1
2316,1
57522,1
10447,1
161424,1
127074,1
57181,1
837,1
160,1
199704,1
170384,1
307,1
8270,1
54554,1
11152,1
7697,1
29950,1
163227,1
541578,1
57541,1
221785,1
126068,1
2764,1
8364,1
7741,1
92714,1
3482,1
353133,1
388662,1
5094,1
84619,1
123096,1
80055,1
6714,1
400720,1
399909,1
51703,1
23507,1
11194,1
8356,1
27044,1
146540,1
341676,1
5718,1
55124,1
375791,1
6583,1
9583,1
8363,1
5265,1
25959,1
2961,1
25788,1
7718,1
128486,1
641,1
124411,1
84301,1
6840,1
26020,1
57162,1
79027,1
219927,1
136051,1
171392,1
6584,1
147906,1
344787,1
728,1
8351,1
79674,1
646486,1
23729,1
390038,1
3652,1
441933,1
4217,1
3182,1
50861,1
1305,1
6693,1
57116,1
89887,1
84154,1
64078,1
142678,1
10533,1
26037,1
92104,1
1991,1
57799,1
23556,1
1288,1
57547,1
11147,1
3201,1
10210,1
83875,1
10242,1
955,1
127343,1
65250,1
284371,1
8076,1
284370,1
91966,1
56882,1
219972,1
5275,1
80380,1
92689,1
6120,1
10794,1
6231,1
283579,1
5660,1
6281,1
80217,1
222662,1
6168,1
114112,1
645840,1
440738,1
79892,1
347344,1
6884,1
284323,1
55210,1
219965,1
79607,1
92283,1
23315,1
100506658,1
255119,1
121504,1
339318,1
55924,1
51710,1
8733,1
54557,1
388536,1
81553,1
28512,1
644890,1
23303,1
128,1
85236,1
7004,1
6687,1
30001,1
55552,1
282890,1
5336,1
6277,1
6136,1
26052,1
7675,1
9019,1
23230,1
8227,1
389170,1
127687,1
64881,1
283420,1
55035,1
51135,1
115948,1
28977,1
57089,1
63925,1
6191,1
84549,1
2870,1
5557,1
54708,1
57016,1
7541,1
54830,1
81871,1
389208,1
65251,1
127,1
57209,1
337876,1
54863,1
4151,1
27300,1
161145,1
65124,1
54989,1
79366,1
57708,1
10905,1
258010,1
90987,1
65992,1
170482,1
84775,1
51170,1
23334,1
7789,1
83694,1
54870,1
1438,1
11325,1
6147,1
55315,1
6815,1
59286,1
9931,1
89894,1
85289,1
54963,1
219968,1
55153,1
7745,1
144717,1
4635,1
3221,1
415116,1
439,1
444,1
200734,1
11060,1
2673,1
7405,1
50618,1
4914,1
10724,1
4494,1
9747,1
374900,1
158586,1
147657,1
84914,1
388558,1
51441,1
55319,1
51062,1
1259,1
7975,1
339541,1
11321,1
145741,1
199692,1
11169,1
1500,1
100528016,1
7919,1
100532737,1
117157,1
131870,1
987,1
11177,1
10920,1
26112,1
4194,1
55958,1
23054,1
27347,1
6898,1
221477,1
801,1
79490,1
9652,1
286319,1
10479,1
22909,1
55705,1
257202,1
80184,1
112770,1
23116,1
124930,1
10455,1
10497,1
374877,1
81706,1
9646,1
2153,1
51734,1
22834,1
57154,1
6526,1
63906,1
9578,1
4736,1
79574,1
9182,1
91603,1
29883,1
2475,1
192683,1
9860,1
4860,1
22887,1
113402,1
919,1
9824,1
3151,1
51465,1
4976,1
9909,1
11179,1
51714,1
9853,1
11153,1
58505,1
91300,1
116461,1
26046,1
146923,1
169436,1
2869,1
55253,1
25853,1
57713,1
23137,1
55170,1
85457,1
830,1
7150,1
9055,1
80823,1
4215,1
6721,1
339448,1
6170,1
9666,1
9851,1
9937,1
79065,1
9722,1
353,1
154467,1
4668,1
23381,1
26128,1
9867,1
259230,1
64423,1
84288,1
116228,1
1122,1
375057,1
388743,1
128387,1
353091,1
388722,1
100126572,1
9293,1
253582,1
387103,1
619208,1
92565,1
448834,1
399818,1
8528,1
440689,1
119548,1
55251,1
148418,1
26071,1
84455,1
203413,1
100132074,1
340543,1
3633,1
9935,1
26058,1
55680,1
65979,1
84243,1
55219,1
57683,1
255220,1
659,1
10471,1
6015,1
6257,1
339229,1
6046,1
3108,1
5696,1
6891,1
169981,1
550643,1
3122,1
10665,1
4855,1
6048,1
10554,1
494513,1
80863,1
100507547,1
63943,1
64978,1
285141,1
8859,1
100131439,1
1797,1
6499,1
7936,1
221527,1
6392,1
10919,1
4758,1
50854,1
3304,1
3303,1
3305,1
57819,1
7407,1
80737,1
114769,1
55777,1
4439,1
100532732,1
1444,1
7920,1
1460,1
7918,1
57827,1
55937,1
7917,1
7916,1
199,1
4795,1
730051,1
4277,1
90233,1
100507436,1
390980,1
3107,1
649137,1
54535,1
170679,1
8449,1
221545,1
28973,1
5514,1
23,1
80742,1
780,1
2794,1
3133,1
56658,1
89870,1
90317,1
135644,1
80352,1
6992,1
3135,1
11138,1
3134,1
646019,1
84335,1
5987,1
64901,1
100131897,1
83538,1
116540,1
642475,1
1639,1
79600,1
29902,1
3104,1
147920,1
728224,1
125115,1
440145,1
790955,1
554251,1
100289678,1
155054,1
494188,1
728568,1
56143,1
56147,1
10206,1
100506736,1
84912,1
79583,1
645121,1
344387,1
441054,1
286144,1
644096,1
55851,1
100131378,1
65986,1
201725,1
55366,1
5212,1
1874,1
5150,1
6643,1
56953,1
84324,1
390321,1
9289,1
10527,1
54458,1
25851,1
133482,1
4499,1
3426,1
54809,1
3853,1
255919,1
91828,1
92270,1
317762,1
4676,1
7114,1
254863,1
100129385,1
3150,1
51451,1
150383,1
91750,1
641372,1
54065,1
8110,1
144363,1
6453,1
162073,1
64109,1
9946,1
285636,1
403313,1
153657,1
10737,1
387911,1
613211,1
752014,1
10921,1
131118,1
89778,1
6318,1
5268,1
728299,1
643812,1
402160,1
51224,1
389161,1
253018,1
201475,1
3105,1
201562,1
344807,1
348801,1
389136,1
152098,1
23243,1
131965,1
280636,1
1733,1
23012,1
22908,1
7247,1
55652,1
259294,1
259296,1
50840,1
106707243,1
100533177,1
730755,1
441518,1
51157,1
81856,1
23636,1
163486,1
375035,1
11116,1
22828,1
25790,1
9534,1
151230,1
100526832,1
170575,1
728489,1
6827,1
4893,1
100529855,1
51239,1
81890,1
1147,1
84342,1
84986,1
79037,1
125113,1
2086,1
55333,1
402,1
388646,1
494115,1
10011,1
414919,1
7416,1
221504,1
51075,1
3073,1
54741,1
81606,1
113179,1
5500,1
63940,1
1388,1
11277,1
1192,1
23564,1
6235,1
534,1
7693,1
2968,1
51202,1
91664,1
22914,1
100528032,1
2013,1
147040,1
56260,1
10537,1
1241,1
1773,1
145553,1
10379,1
3046,1
3047,1
3672,1
390916,1
30851,1
8906,1
55739,1
2595,1
29803,1
157574,1
8904,1
339231,1
57128,1
768206,1
10195,1
401397,1
255809,1
654502,1
339210,1
51024,1
283,1
255374,1
285588,1
79441,1
92482,1
100528020,1
440503,1
153218,1
51400,1
10809,1
400954,1
23053,1
414152,1
728858,1
7866,1
9189,1
100188893,1
221092,1
751071,1
728588,1
729475,1
645027,1
64283,1
729920,1
79680,1
11331,1
84461,1
137886,1
730112,1
55670,1
60493,1
440270,1
57594,1
100507650,1
1654,1
64601,1
4636,1
55628,1
79716,1
100526842,1
283514,1
400831,1
51032,1
729515,1
56900,1
606495,1
10437,1
79741,1
96459,1
100131390,1
51192,1
55714,1
100505876,1
163033,1
440400,1
25858,1
55672,1
729852,1
375190,1
6844,1
441150,1
5534,1
2189,1
386676,1
9179,1
353323,1
1052,1
100529240,1
646450,1
63920,1
284293,1
221786,1
5520,1
55150,1
400713,1
392138,1
200765,1
389668,1
80830,1
81669,1
7311,1
9374,1
100532746,1
9220,1
149478,1
222234,1
149069,1
6293,1
3115,1
342371,1
221710,1
387890,1
196993,1
100191040,1
348262,1
65010,1
2074,1
267004,1
102724231,1
51406,1
4909,1
101928527,1
348751,1
79134,1
440498,1
100170229,1
100288413,1
9277,1
100144748,1
441282,1
113178,1
647286,1
127062,1
100130890,1
100128731,1
728537,1
389333,1
1719,1
6171,1
646424,1
197135,1
146542,1
100131801,1
105376230,1
84320,1
100527964,1
100506012,1
100505478,1
401236,1
100288323,1
389158,1
6222,1
144448,1
6892,1
643382,1
51372,1
647219,1
388789,1
3120,1
7124,1
100303755,1
201229,1
643596,1
2876,1
388564,1
117581,1
729384,1
8341,1
6234,1
7726,1
345462,1
257415,1
345643,1
8629,1
3106,1
285423,1
100534595,1
64288,1
387882,1
90673,1
158376,1
100129250,1
9674,1
8705,1
9278,1
58486,1
100874261,1
259285,1
171222,1
54848,1
646498,1
646603,1
91368,1
5863,1
387723,1
3833,1
339804,1
345611,1
285550,1
90120,1
81567,1
652968,1
7844,1
10432,1
84964,1
142686,1
10324,1
4830,1
8742,1
284040,1
54106,1
23559,1
51373,1
51608,1
158,1
100507537,1
58496,1
5698,1
5098,1
90639,1
84129,1
53938,1
23495,1
338872,1
57461,1
57665,1
257068,1
4282,1
221078,1
3112,1
57002,1
388761,1
27297,1
6173,1
57026,1
9551,1
10093,1
10552,1
6700,1
539,1
80301,1
541565,1
23761,1
5822,1
5297,1
11217,1
23600,1
51537,1
26286,1
632,1
128977,1
23089,1
3692,1
55052,1
348110,1
5273,1
3109,1
26063,1
728591,1
9907,1
8637,1
9553,1
57553,1
692312,1
11230,1
647087,1
1945,1
24142,1
8771,1
140870,1
3588,1
629,1
642819,1
116143,1
100137049,1
7268,1
100506144,1
100137047,1
140564,1
80086,1
64968,1
84450,1
95,1
9054,1
337970,1
1650,1
147007,1
552891,1
54577,1
5032,1
85014,1
337974,1
2119,1
10137,1
27350,1
81392,1
7335,1
3043,1
1415,1
10443,1
92285,1
1050,1
55766,1
85364,1
100506540,1
11344,1
92935,1
158880,1
593,1
105378220,1
100506013,1
984,1
56135,1
100526737,1
100526664,1
283152,1
285556,1
407977,1
100526740,1
23354,1
267020,1
729288,1
388569,1
645104,1
163050,1
641700,1
100526767,1
10016,1
100526783,1
56139,1
100526693,1
100507096,1
57604,1
255403,1
389203,1
152756,1
100526761,1
6414,1
100505841,1
641339,1
100302736,1
25850,1
162972,1
2297,1
100526739,1
56137,1
26025,1
168455,1
56100,1
149466,1
440138,1
552889,1
5591,1
9724,1
56106,1
56105,1
56103,1
339324,1
54984,1
56099,1
59351,1
100528019,1
91056,1
29082,1
132430,1
8790,1
92312,1
1937,1
100529251,1
767557,1
5003,1
84769,1
729991,1
10072,1
100534593,1
404734,1
55845,1
100528017,1
84992,1
386607,1
57132,1
109703458,1
440068,1
23741,1
8843,1
59082,1
728734,1
100528064,1
81488,1
79549,1
1519,1
84334,1
9668,1
85027,1
3145,1
7768,1
11232,1
100129361,1
387837,1
59348,1
84290,1
100129128,1
3240,1
643037,1
57189,1
26065,1
574028,1
283459,1
100381270,1
8972,1
2342,1
729747,1
100529097,1
90589,1
8693,1
255783,1
10330,1
100134934,1
100533970,1
643246,1
23601,1
91612,1
124944,1
51750,1
147660,1
64146,1
246777,1
101730217,1
100529063,1
100529257,1
53840,1
128653,1
6038,1
90799,1
10381,1
100533179,1
100526835,1
100526836,1
100528030,1
100532726,1
100130933,1
100533106,1
100528021,1
2688,1
100527943,1
79178,1
26589,1
100527963,1
100506581,1
401613,1
343702,1
9236,1
83481,1
100507290,1
23246,1
100507679,1
100529145,1
8139,1
145788,1
100534599,1
56107,1
79585,1
100529211,1
56111,1
124641,1
6182,1
2969,1
10780,1
10929,1
554282,1
728833,1
9641,1
388677,1
100996717,1
56957,1
9939,1
27246,1
6139,1
118738,1
9554,1
100996517,1
100996716,1
100861412,1
100526837,1
10628,1
57597,1
92335,1
284565,1
8031,1
54460,1
80755,1
100885848,1
26974,1
9294,1
112812,1
7767,1
767558,1
55957,1
4701,1
149013,1
11254,1
644100,1
29057,1
727866,1
125972,1
115290,1
8517,1
100293516,1
6689,1
401612,1
112398,1
100533184,1
100532731,1
100996928,1
100529215,1
100303453,1
152217,1
100528007,1
8148,1
100529241,1
100529239,1
100527978,1
574537,1
100132406,1
6352,1
128077,1
284615,1
404672,1
11165,1
9757,1
100631383,1
154313,1
152687,1
57717,1
55802,1
100528018,1
150590,1
100534611,1
8362,1
54883,1
9326,1
8342,1
3975,1
23191,1
8339,1
389856,1
6880,1
79159,1
8355,1
100532735,1
256302,1
30837,1
8358,1
8344,1
81554,1
8361,1
8348,1
6368,1
8353,1
100532724,1
101927423,1
85235,1
4302,1
57223,1
11276,1
79873,1
7549,1
8368,1
94059,1
8330,1
6351,1
157285,1
154872,1
26574,1
8345,1
8350,1
114791,1
11072,1
84876,1
392376,1
8294,1
6871,1
8396,1
8331,1
3018,1
8332,1
8367,1
3012,1
441250,1
8360,1
284098,1
8343,1
4082,1
93474,1
6348,1
105371267,1
8968,1
5691,1
284106,1
11056,1
7554,1
8352,1
79893,1
8335,1
79154,1
31,1
8346,1
102288414,1
79922,1
8359,1
8336,1
8366,1
8357,1
84311,1
645967,1
100507462,1
126661,1
79447,1
283521,1
100527949,1
100862671,1
104266957,1
101929355,1
